ctime,schemaname,relname,indexrelname,idx_scan,idx_tup_read,idx_tup_fetch,idx_blks_read,idx_blks_hit
1416687095.35531,pg_catalog,pg_statistic,pg_statistic_relid_att_inh_index,205292,197336,197273,2267,440316
1416687095.35531,pg_catalog,pg_type,pg_type_typname_nsp_index,22813,17558,16399,6377,54704
1416687095.35531,pg_catalog,pg_type,pg_type_oid_index,862391,860059,860059,2163,1764642
1416687095.35531,pg_toast,pg_toast_2619,pg_toast_2619_index,147459,498919,498919,2921,299254
1416687095.35531,pg_toast,pg_toast_1255,pg_toast_1255_index,0,0,0,0,0
1416687095.35531,pg_toast,pg_toast_2604,pg_toast_2604_index,0,0,0,0,0
1416687095.35531,pg_toast,pg_toast_2606,pg_toast_2606_index,0,0,0,0,0
1416687095.35531,pg_toast,pg_toast_2618,pg_toast_2618_index,3823,12208,12208,699,5469
1416687095.35531,pg_toast,pg_toast_2620,pg_toast_2620_index,0,0,0,0,0
1416687095.35531,pg_toast,pg_toast_2609,pg_toast_2609_index,0,0,0,0,0
1416687095.35531,pg_toast,pg_toast_2964,pg_toast_2964_index,0,0,0,0,0
1416687095.35531,pg_toast,pg_toast_2396,pg_toast_2396_index,0,0,0,0,0
1416687095.35531,pg_toast,pg_toast_3596,pg_toast_3596_index,0,0,0,0,0
1416687095.35531,pg_catalog,pg_authid,pg_authid_oid_index,37252,37252,37252,969,73535
1416687095.35531,pg_catalog,pg_authid,pg_authid_rolname_index,37028,37028,37028,988,73068
1416687095.35531,pg_catalog,pg_largeobject,pg_largeobject_loid_pn_index,0,0,0,0,0
1416687095.35531,pg_catalog,pg_user_mapping,pg_user_mapping_user_server_index,0,0,0,0,0
1416687095.35531,pg_catalog,pg_user_mapping,pg_user_mapping_oid_index,0,0,0,0,0
1416687095.35531,pg_catalog,pg_attribute,pg_attribute_relid_attnum_index,751845,1695448,1695269,4990,1559126
1416687095.35531,pg_catalog,pg_attribute,pg_attribute_relid_attnam_index,1201,1201,1201,1971,18292
1416687095.35531,pg_catalog,pg_proc,pg_proc_proname_args_nsp_index,44904,203101,203101,7689,116948
1416687095.35531,pg_catalog,pg_proc,pg_proc_oid_index,282015,282015,282015,5444,594318
1416687095.35531,pg_catalog,pg_attrdef,pg_attrdef_oid_index,0,0,0,0,0
1416687095.35531,pg_catalog,pg_attrdef,pg_attrdef_adrelid_adnum_index,0,0,0,0,0
1416687095.35531,pg_catalog,pg_constraint,pg_constraint_oid_index,336,168,168,44,798
1416687095.35531,pg_catalog,pg_constraint,pg_constraint_contypid_index,0,0,0,42,296
1416687095.35531,pg_catalog,pg_constraint,pg_constraint_conrelid_index,0,0,0,42,296
1416687095.35531,pg_catalog,pg_constraint,pg_constraint_conname_nsp_index,0,0,0,42,296
1416687095.35531,pg_catalog,pg_inherits,pg_inherits_parent_index,0,0,0,0,0
1416687095.35531,pg_catalog,pg_inherits,pg_inherits_relid_seqno_index,1167,0,0,584,583
1416687095.35531,pg_catalog,pg_index,pg_index_indexrelid_index,318729,320001,318729,879,357303
1416687095.35531,pg_catalog,pg_index,pg_index_indrelid_index,86789,262269,262269,1895,107439
1416687095.35531,pg_catalog,pg_opfamily,pg_opfamily_oid_index,0,0,0,0,0
1416687095.35531,pg_catalog,pg_opfamily,pg_opfamily_am_name_nsp_index,0,0,0,0,0
1416687095.35531,pg_catalog,pg_opclass,pg_opclass_oid_index,175954,175954,175954,901,213578
1416687095.35531,pg_catalog,pg_opclass,pg_opclass_am_name_nsp_index,56622,2361228,2361228,2453,69916
1416687095.35531,pg_catalog,pg_am,pg_am_oid_index,0,0,0,0,0
1416687095.35531,pg_catalog,pg_am,pg_am_name_index,0,0,0,0,0
1416687095.35531,pg_catalog,pg_amop,pg_amop_oid_index,0,0,0,0,0
1416687095.35531,pg_catalog,pg_amop,pg_amop_opr_fam_index,137512,386865,386865,3169,297982
1416687095.35531,pg_catalog,pg_amop,pg_amop_fam_strat_index,187967,187967,187967,2665,391081
1416687095.35531,pg_catalog,pg_amproc,pg_amproc_oid_index,0,0,0,0,0
1416687095.35531,pg_catalog,pg_amproc,pg_amproc_fam_proc_index,170769,365351,365351,1507,378556
1416687095.35531,pg_catalog,pg_language,pg_language_oid_index,0,0,0,0,0
1416687095.35531,pg_catalog,pg_language,pg_language_name_index,0,0,0,0,0
1416687095.35531,pg_catalog,pg_largeobject_metadata,pg_largeobject_metadata_oid_index,0,0,0,0,0
1416687095.35531,pg_catalog,pg_aggregate,pg_aggregate_fnoid_index,19879,19879,19879,3243,31411
1416687095.35531,pg_catalog,pg_rewrite,pg_rewrite_rel_rulename_index,7215,6577,5939,1280,11061
1416687095.35531,pg_catalog,pg_rewrite,pg_rewrite_oid_index,1914,1276,1276,888,2329
1416687095.35531,pg_catalog,pg_trigger,pg_trigger_oid_index,0,0,0,0,0
1416687095.35531,pg_catalog,pg_trigger,pg_trigger_tgrelid_tgname_index,0,0,0,0,0
1416687095.35531,pg_catalog,pg_trigger,pg_trigger_tgconstraint_index,0,0,0,0,0
1416687095.35531,pg_catalog,pg_event_trigger,pg_event_trigger_oid_index,0,0,0,0,0
1416687095.35531,pg_catalog,pg_event_trigger,pg_event_trigger_evtname_index,1985,0,0,579,1406
1416687095.35531,pg_catalog,pg_description,pg_description_o_c_o_index,5193,0,0,1644,9909
1416687095.35531,pg_catalog,pg_cast,pg_cast_source_target_index,1249437,296148,296148,933,1284294
1416687095.35531,pg_catalog,pg_cast,pg_cast_oid_index,0,0,0,0,0
1416687095.35531,pg_catalog,pg_database,pg_database_oid_index,53275,53274,53274,958,92357
1416687095.35531,pg_catalog,pg_database,pg_database_datname_index,77025,77024,77024,913,116068
1416687095.35531,pg_catalog,pg_namespace,pg_namespace_oid_index,100590,100548,100548,1477,101984
1416687095.35531,pg_catalog,pg_namespace,pg_namespace_nspname_index,102951,66012,66012,926,138964
1416687095.35531,pg_catalog,pg_conversion,pg_conversion_oid_index,0,0,0,0,0
1416687095.35531,pg_catalog,pg_conversion,pg_conversion_name_nsp_index,0,0,0,0,0
1416687095.35531,pg_catalog,pg_conversion,pg_conversion_default_index,0,0,0,0,0
1416687095.35531,pg_catalog,pg_db_role_setting,pg_db_role_setting_databaseid_rol_index,160156,0,0,405,159751
1416687095.35531,pg_catalog,pg_tablespace,pg_tablespace_spcname_index,0,0,0,63,63
1416687095.35531,pg_catalog,pg_tablespace,pg_tablespace_oid_index,26511,26511,26511,1389,51633
1416687095.35531,pg_catalog,pg_pltemplate,pg_pltemplate_name_index,0,0,0,0,0
1416687095.35531,pg_catalog,pg_auth_members,pg_auth_members_member_role_index,0,0,0,0,0
1416687095.35531,pg_catalog,pg_auth_members,pg_auth_members_role_member_index,0,0,0,0,0
1416687095.35531,pg_catalog,pg_shdepend,pg_shdepend_reference_index,1210,1210,1210,1155,1223
1416687095.35531,pg_catalog,pg_shdepend,pg_shdepend_depender_index,5129,0,0,1112,5175
1416687095.35531,pg_catalog,pg_shdescription,pg_shdescription_o_c_index,0,0,0,0,0
1416687095.35531,pg_catalog,pg_ts_config,pg_ts_config_oid_index,0,0,0,0,0
1416687095.35531,pg_catalog,pg_ts_config,pg_ts_config_cfgname_index,0,0,0,0,0
1416687095.35531,pg_catalog,pg_ts_config_map,pg_ts_config_map_index,0,0,0,0,0
1416687095.35531,pg_catalog,pg_ts_dict,pg_ts_dict_oid_index,0,0,0,0,0
1416687095.35531,pg_catalog,pg_ts_dict,pg_ts_dict_dictname_index,0,0,0,0,0
1416687095.35531,pg_catalog,pg_ts_parser,pg_ts_parser_oid_index,0,0,0,0,0
1416687095.35531,pg_catalog,pg_ts_parser,pg_ts_parser_prsname_index,0,0,0,0,0
1416687095.35531,pg_catalog,pg_ts_template,pg_ts_template_oid_index,0,0,0,0,0
1416687095.35531,pg_catalog,pg_ts_template,pg_ts_template_tmplname_index,0,0,0,0,0
1416687095.35531,pg_catalog,pg_extension,pg_extension_name_index,0,0,0,0,0
1416687095.35531,pg_catalog,pg_extension,pg_extension_oid_index,0,0,0,0,0
1416687095.35531,pg_catalog,pg_foreign_data_wrapper,pg_foreign_data_wrapper_name_index,0,0,0,0,0
1416687095.35531,pg_catalog,pg_foreign_data_wrapper,pg_foreign_data_wrapper_oid_index,0,0,0,0,0
1416687095.35531,pg_catalog,pg_foreign_server,pg_foreign_server_name_index,0,0,0,0,0
1416687095.35531,pg_catalog,pg_foreign_server,pg_foreign_server_oid_index,0,0,0,0,0
1416687095.35531,pg_catalog,pg_foreign_table,pg_foreign_table_relid_index,0,0,0,0,0
1416687095.35531,pg_catalog,pg_rowsecurity,pg_rowsecurity_polname_relid_index,0,0,0,0,0
1416687095.35531,pg_catalog,pg_rowsecurity,pg_rowsecurity_oid_index,0,0,0,0,0
1416687095.35531,pg_catalog,pg_default_acl,pg_default_acl_oid_index,0,0,0,0,0
1416687095.35531,pg_catalog,pg_default_acl,pg_default_acl_role_nsp_obj_index,4708,0,0,530,4178
1416687095.35531,pg_catalog,pg_seclabel,pg_seclabel_object_index,5193,0,0,530,4663
1416687095.35531,pg_catalog,pg_shseclabel,pg_shseclabel_object_index,0,0,0,0,0
1416687095.35531,pg_catalog,pg_collation,pg_collation_oid_index,0,0,0,0,0
1416687095.35531,pg_catalog,pg_collation,pg_collation_name_enc_nsp_index,0,0,0,0,0
1416687095.35531,pg_catalog,pg_range,pg_range_rngtypid_index,8953,0,0,3297,14609
1416687095.35531,pg_toast,pg_toast_12698,pg_toast_12698_index,0,0,0,0,0
1416687095.35531,pg_toast,pg_toast_12703,pg_toast_12703_index,0,0,0,0,0
1416687095.35531,pg_toast,pg_toast_12708,pg_toast_12708_index,0,0,0,0,0
1416687095.35531,pg_toast,pg_toast_12713,pg_toast_12713_index,0,0,0,0,0
1416687095.35531,pg_toast,pg_toast_12718,pg_toast_12718_index,0,0,0,0,0
1416687095.35531,pg_toast,pg_toast_12723,pg_toast_12723_index,0,0,0,0,0
1416687095.35531,pg_catalog,pg_class,pg_class_tblspc_relfilenode_index,0,0,0,1969,6409
1416687095.35531,pg_catalog,pg_class,pg_class_relname_nsp_index,142278,74111,72970,3554,322166
1416687095.35531,pg_catalog,pg_class,pg_class_oid_index,781452,779368,772972,2660,1604761
1416687095.35531,pg_catalog,pg_operator,pg_operator_oprname_l_r_n_index,132008,1347822,1347822,3521,288198
1416687095.35531,pg_catalog,pg_operator,pg_operator_oid_index,155608,155608,155608,2902,335614
1416687095.35531,pg_catalog,pg_enum,pg_enum_typid_sortorder_index,0,0,0,0,0
1416687095.35531,pg_catalog,pg_enum,pg_enum_typid_label_index,0,0,0,0,0
1416687095.35531,pg_catalog,pg_enum,pg_enum_oid_index,0,0,0,0,0
1416687095.35531,pg_catalog,pg_depend,pg_depend_reference_index,37637,40189,34484,8656,87176
1416687095.35531,pg_catalog,pg_depend,pg_depend_depender_index,11003,17796,17796,4541,38117
1416687095.35531,pg_toast,pg_toast_12693,pg_toast_12693_index,0,0,0,0,0
1416687155.35623,pg_catalog,pg_statistic,pg_statistic_relid_att_inh_index,205455,197455,197392,2267,440734
1416687155.35623,pg_catalog,pg_type,pg_type_typname_nsp_index,22815,17560,16401,6377,54710
1416687155.35623,pg_catalog,pg_type,pg_type_oid_index,862616,860284,860284,2163,1765125
1416687155.35623,pg_toast,pg_toast_2619,pg_toast_2619_index,147502,498941,498941,2927,299688
1416687155.35623,pg_toast,pg_toast_1255,pg_toast_1255_index,0,0,0,0,0
1416687155.35623,pg_toast,pg_toast_2604,pg_toast_2604_index,0,0,0,0,0
1416687155.35623,pg_toast,pg_toast_2606,pg_toast_2606_index,0,0,0,0,0
1416687155.35623,pg_toast,pg_toast_2618,pg_toast_2618_index,3828,12224,12224,699,5477
1416687155.35623,pg_toast,pg_toast_2620,pg_toast_2620_index,0,0,0,0,0
1416687155.35623,pg_toast,pg_toast_2609,pg_toast_2609_index,0,0,0,0,0
1416687155.35623,pg_toast,pg_toast_2964,pg_toast_2964_index,0,0,0,0,0
1416687155.35623,pg_toast,pg_toast_2396,pg_toast_2396_index,0,0,0,0,0
1416687155.35623,pg_toast,pg_toast_3596,pg_toast_3596_index,0,0,0,0,0
1416687155.35623,pg_catalog,pg_authid,pg_authid_oid_index,37317,37317,37317,971,73663
1416687155.35623,pg_catalog,pg_authid,pg_authid_rolname_index,37092,37092,37092,990,73194
1416687155.35623,pg_catalog,pg_largeobject,pg_largeobject_loid_pn_index,0,0,0,0,0
1416687155.35623,pg_catalog,pg_user_mapping,pg_user_mapping_user_server_index,0,0,0,0,0
1416687155.35623,pg_catalog,pg_user_mapping,pg_user_mapping_oid_index,0,0,0,0,0
1416687155.35623,pg_catalog,pg_attribute,pg_attribute_relid_attnum_index,752619,1697514,1697335,4991,1560758
1416687155.35623,pg_catalog,pg_attribute,pg_attribute_relid_attnam_index,1224,1224,1224,1971,18405
1416687155.35623,pg_catalog,pg_proc,pg_proc_proname_args_nsp_index,44916,203154,203154,7692,116976
1416687155.35623,pg_catalog,pg_proc,pg_proc_oid_index,282095,282095,282095,5446,594486
1416687155.35623,pg_catalog,pg_attrdef,pg_attrdef_oid_index,0,0,0,0,0
1416687155.35623,pg_catalog,pg_attrdef,pg_attrdef_adrelid_adnum_index,0,0,0,0,0
1416687155.35623,pg_catalog,pg_constraint,pg_constraint_oid_index,342,168,168,44,817
1416687155.35623,pg_catalog,pg_constraint,pg_constraint_contypid_index,0,0,0,44,307
1416687155.35623,pg_catalog,pg_constraint,pg_constraint_conrelid_index,0,0,0,44,307
1416687155.35623,pg_catalog,pg_constraint,pg_constraint_conname_nsp_index,0,0,0,44,307
1416687155.35623,pg_catalog,pg_inherits,pg_inherits_parent_index,0,0,0,0,0
1416687155.35623,pg_catalog,pg_inherits,pg_inherits_relid_seqno_index,1167,0,0,584,583
1416687155.35623,pg_catalog,pg_index,pg_index_indexrelid_index,319016,320288,319016,879,357638
1416687155.35623,pg_catalog,pg_index,pg_index_indrelid_index,86909,262521,262521,1895,107607
1416687155.35623,pg_catalog,pg_opfamily,pg_opfamily_oid_index,0,0,0,0,0
1416687155.35623,pg_catalog,pg_opfamily,pg_opfamily_am_name_nsp_index,0,0,0,0,0
1416687155.35623,pg_catalog,pg_opclass,pg_opclass_oid_index,176103,176103,176103,901,213756
1416687155.35623,pg_catalog,pg_opclass,pg_opclass_am_name_nsp_index,56698,2364445,2364445,2453,70019
1416687155.35623,pg_catalog,pg_am,pg_am_oid_index,0,0,0,0,0
1416687155.35623,pg_catalog,pg_am,pg_am_name_index,0,0,0,0,0
1416687155.35623,pg_catalog,pg_amop,pg_amop_oid_index,0,0,0,0,0
1416687155.35623,pg_catalog,pg_amop,pg_amop_opr_fam_index,137555,386962,386962,3169,298079
1416687155.35623,pg_catalog,pg_amop,pg_amop_fam_strat_index,188085,188085,188085,2666,391327
1416687155.35623,pg_catalog,pg_amproc,pg_amproc_oid_index,0,0,0,0,0
1416687155.35623,pg_catalog,pg_amproc,pg_amproc_fam_proc_index,170910,365610,365610,1507,378867
1416687155.35623,pg_catalog,pg_language,pg_language_oid_index,0,0,0,0,0
1416687155.35623,pg_catalog,pg_language,pg_language_name_index,0,0,0,0,0
1416687155.35623,pg_catalog,pg_largeobject_metadata,pg_largeobject_metadata_oid_index,0,0,0,0,0
1416687155.35623,pg_catalog,pg_aggregate,pg_aggregate_fnoid_index,19880,19880,19880,3245,31411
1416687155.35623,pg_catalog,pg_rewrite,pg_rewrite_rel_rulename_index,7222,6584,5946,1280,11073
1416687155.35623,pg_catalog,pg_rewrite,pg_rewrite_oid_index,1914,1276,1276,888,2329
1416687155.35623,pg_catalog,pg_trigger,pg_trigger_oid_index,0,0,0,0,0
1416687155.35623,pg_catalog,pg_trigger,pg_trigger_tgrelid_tgname_index,0,0,0,0,0
1416687155.35623,pg_catalog,pg_trigger,pg_trigger_tgconstraint_index,0,0,0,0,0
1416687155.35623,pg_catalog,pg_event_trigger,pg_event_trigger_oid_index,0,0,0,0,0
1416687155.35623,pg_catalog,pg_event_trigger,pg_event_trigger_evtname_index,2002,0,0,579,1423
1416687155.35623,pg_catalog,pg_description,pg_description_o_c_o_index,5193,0,0,1644,9909
1416687155.35623,pg_catalog,pg_cast,pg_cast_source_target_index,1250660,296385,296385,933,1285546
1416687155.35623,pg_catalog,pg_cast,pg_cast_oid_index,0,0,0,0,0
1416687155.35623,pg_catalog,pg_database,pg_database_oid_index,53362,53361,53361,960,92508
1416687155.35623,pg_catalog,pg_database,pg_database_datname_index,77156,77155,77155,915,116262
1416687155.35623,pg_catalog,pg_namespace,pg_namespace_oid_index,100708,100666,100666,1477,102105
1416687155.35623,pg_catalog,pg_namespace,pg_namespace_nspname_index,103020,66049,66049,926,139065
1416687155.35623,pg_catalog,pg_conversion,pg_conversion_oid_index,0,0,0,0,0
1416687155.35623,pg_catalog,pg_conversion,pg_conversion_name_nsp_index,0,0,0,0,0
1416687155.35623,pg_catalog,pg_conversion,pg_conversion_default_index,0,0,0,0,0
1416687155.35623,pg_catalog,pg_db_role_setting,pg_db_role_setting_databaseid_rol_index,160420,0,0,406,160014
1416687155.35623,pg_catalog,pg_tablespace,pg_tablespace_spcname_index,0,0,0,64,64
1416687155.35623,pg_catalog,pg_tablespace,pg_tablespace_oid_index,26518,26518,26518,1391,51645
1416687155.35623,pg_catalog,pg_pltemplate,pg_pltemplate_name_index,0,0,0,0,0
1416687155.35623,pg_catalog,pg_auth_members,pg_auth_members_member_role_index,0,0,0,0,0
1416687155.35623,pg_catalog,pg_auth_members,pg_auth_members_role_member_index,0,0,0,0,0
1416687155.35623,pg_catalog,pg_shdepend,pg_shdepend_reference_index,1220,1220,1220,1157,1241
1416687155.35623,pg_catalog,pg_shdepend,pg_shdepend_depender_index,5194,0,0,1114,5248
1416687155.35623,pg_catalog,pg_shdescription,pg_shdescription_o_c_index,0,0,0,0,0
1416687155.35623,pg_catalog,pg_ts_config,pg_ts_config_oid_index,0,0,0,0,0
1416687155.35623,pg_catalog,pg_ts_config,pg_ts_config_cfgname_index,0,0,0,0,0
1416687155.35623,pg_catalog,pg_ts_config_map,pg_ts_config_map_index,0,0,0,0,0
1416687155.35623,pg_catalog,pg_ts_dict,pg_ts_dict_oid_index,0,0,0,0,0
1416687155.35623,pg_catalog,pg_ts_dict,pg_ts_dict_dictname_index,0,0,0,0,0
1416687155.35623,pg_catalog,pg_ts_parser,pg_ts_parser_oid_index,0,0,0,0,0
1416687155.35623,pg_catalog,pg_ts_parser,pg_ts_parser_prsname_index,0,0,0,0,0
1416687155.35623,pg_catalog,pg_ts_template,pg_ts_template_oid_index,0,0,0,0,0
1416687155.35623,pg_catalog,pg_ts_template,pg_ts_template_tmplname_index,0,0,0,0,0
1416687155.35623,pg_catalog,pg_extension,pg_extension_name_index,0,0,0,0,0
1416687155.35623,pg_catalog,pg_extension,pg_extension_oid_index,0,0,0,0,0
1416687155.35623,pg_catalog,pg_foreign_data_wrapper,pg_foreign_data_wrapper_name_index,0,0,0,0,0
1416687155.35623,pg_catalog,pg_foreign_data_wrapper,pg_foreign_data_wrapper_oid_index,0,0,0,0,0
1416687155.35623,pg_catalog,pg_foreign_server,pg_foreign_server_name_index,0,0,0,0,0
1416687155.35623,pg_catalog,pg_foreign_server,pg_foreign_server_oid_index,0,0,0,0,0
1416687155.35623,pg_catalog,pg_foreign_table,pg_foreign_table_relid_index,0,0,0,0,0
1416687155.35623,pg_catalog,pg_rowsecurity,pg_rowsecurity_polname_relid_index,0,0,0,0,0
1416687155.35623,pg_catalog,pg_rowsecurity,pg_rowsecurity_oid_index,0,0,0,0,0
1416687155.35623,pg_catalog,pg_default_acl,pg_default_acl_oid_index,0,0,0,0,0
1416687155.35623,pg_catalog,pg_default_acl,pg_default_acl_role_nsp_obj_index,4708,0,0,530,4178
1416687155.35623,pg_catalog,pg_seclabel,pg_seclabel_object_index,5193,0,0,530,4663
1416687155.35623,pg_catalog,pg_shseclabel,pg_shseclabel_object_index,0,0,0,0,0
1416687155.35623,pg_catalog,pg_collation,pg_collation_oid_index,0,0,0,0,0
1416687155.35623,pg_catalog,pg_collation,pg_collation_name_enc_nsp_index,0,0,0,0,0
1416687155.35623,pg_catalog,pg_range,pg_range_rngtypid_index,8953,0,0,3297,14609
1416687155.35623,pg_toast,pg_toast_12698,pg_toast_12698_index,0,0,0,0,0
1416687155.35623,pg_toast,pg_toast_12703,pg_toast_12703_index,0,0,0,0,0
1416687155.35623,pg_toast,pg_toast_12708,pg_toast_12708_index,0,0,0,0,0
1416687155.35623,pg_toast,pg_toast_12713,pg_toast_12713_index,0,0,0,0,0
1416687155.35623,pg_toast,pg_toast_12718,pg_toast_12718_index,0,0,0,0,0
1416687155.35623,pg_toast,pg_toast_12723,pg_toast_12723_index,0,0,0,0,0
1416687155.35623,pg_catalog,pg_class,pg_class_tblspc_relfilenode_index,0,0,0,1971,6465
1416687155.35623,pg_catalog,pg_class,pg_class_relname_nsp_index,142367,74171,73015,3554,322416
1416687155.35623,pg_catalog,pg_class,pg_class_oid_index,782298,780197,773801,2660,1606524
1416687155.35623,pg_catalog,pg_operator,pg_operator_oprname_l_r_n_index,132015,1347885,1347885,3522,288217
1416687155.35623,pg_catalog,pg_operator,pg_operator_oid_index,155659,155659,155659,2902,335730
1416687155.35623,pg_catalog,pg_enum,pg_enum_typid_sortorder_index,0,0,0,0,0
1416687155.35623,pg_catalog,pg_enum,pg_enum_typid_label_index,0,0,0,0,0
1416687155.35623,pg_catalog,pg_enum,pg_enum_oid_index,0,0,0,0,0
1416687155.35623,pg_catalog,pg_depend,pg_depend_reference_index,37707,40255,34548,8660,87397
1416687155.35623,pg_catalog,pg_depend,pg_depend_depender_index,11003,17796,17796,4541,38202
1416687155.35623,pg_toast,pg_toast_12693,pg_toast_12693_index,0,0,0,0,0
1416687155.35623,public,supplier,supplier_s_suppkey_idx_like,0,0,0,1,0
1416687155.35623,public,supplier,supplier_s_nationkey_s_suppkey_brin_idx,0,0,0,0,3
1416687155.35623,public,supplier,pk_supplier,0,0,0,275,0
1416687155.35623,public,partsupp,pk_partsupp,0,0,0,21936,0
1416687155.35623,public,partsupp,partsupp_ps_suppkey_idx,0,0,0,0,6
1416687155.35623,public,nation,pk_nation,0,0,0,1,0
1416687155.35623,public,part,pk_part,0,0,0,5486,0
1416687155.35623,public,part,part_p_container_p_brand_p_partkey_idx,0,0,0,12144,0
1416687155.35623,public,part,part_p_size_brin_idx,0,0,0,0,3
1416687155.35623,public,part,part_p_type_p_partkey_idx,0,0,0,11519,0
1416687155.35623,public,part,part_p_name_idx,0,0,0,13604,0
1416687155.35623,public,customer,customer_c_nationkey_c_custkey_brin_idx,0,0,0,0,3
1416687155.35623,public,customer,customer_c_phone_idx_c_acctbal,0,0,0,3741,0
1416687155.35623,public,customer,customer_c_phone_idx,0,0,0,4115,0
1416687155.35623,public,customer,pk_customer,0,0,0,4115,0
1416687155.35623,public,customer,customer_c_mktsegment_c_custkey_idx,0,0,0,5778,0
1416687155.35623,public,region,pk_region,0,0,0,1,0
1416687215.35975,pg_catalog,pg_statistic,pg_statistic_relid_att_inh_index,205489,197474,197411,2267,440826
1416687215.35975,pg_catalog,pg_type,pg_type_typname_nsp_index,22815,17560,16401,6377,54710
1416687215.35975,pg_catalog,pg_type,pg_type_oid_index,862724,860392,860392,2163,1765351
1416687215.35975,pg_toast,pg_toast_2619,pg_toast_2619_index,147515,498947,498947,2927,299792
1416687215.35975,pg_toast,pg_toast_1255,pg_toast_1255_index,0,0,0,0,0
1416687215.35975,pg_toast,pg_toast_2604,pg_toast_2604_index,0,0,0,0,0
1416687215.35975,pg_toast,pg_toast_2606,pg_toast_2606_index,0,0,0,0,0
1416687215.35975,pg_toast,pg_toast_2618,pg_toast_2618_index,3833,12240,12240,699,5485
1416687215.35975,pg_toast,pg_toast_2620,pg_toast_2620_index,0,0,0,0,0
1416687215.35975,pg_toast,pg_toast_2609,pg_toast_2609_index,0,0,0,0,0
1416687215.35975,pg_toast,pg_toast_2964,pg_toast_2964_index,0,0,0,0,0
1416687215.35975,pg_toast,pg_toast_2396,pg_toast_2396_index,0,0,0,0,0
1416687215.35975,pg_toast,pg_toast_3596,pg_toast_3596_index,0,0,0,0,0
1416687215.35975,pg_catalog,pg_authid,pg_authid_oid_index,37326,37326,37326,971,73681
1416687215.35975,pg_catalog,pg_authid,pg_authid_rolname_index,37101,37101,37101,990,73212
1416687215.35975,pg_catalog,pg_largeobject,pg_largeobject_loid_pn_index,0,0,0,0,0
1416687215.35975,pg_catalog,pg_user_mapping,pg_user_mapping_user_server_index,0,0,0,0,0
1416687215.35975,pg_catalog,pg_user_mapping,pg_user_mapping_oid_index,0,0,0,0,0
1416687215.35975,pg_catalog,pg_attribute,pg_attribute_relid_attnum_index,752879,1698031,1697852,4991,1561300
1416687215.35975,pg_catalog,pg_attribute,pg_attribute_relid_attnam_index,1229,1229,1229,1971,18428
1416687215.35975,pg_catalog,pg_proc,pg_proc_proname_args_nsp_index,44926,203199,203199,7692,117001
1416687215.35975,pg_catalog,pg_proc,pg_proc_oid_index,282163,282163,282163,5446,594627
1416687215.35975,pg_catalog,pg_attrdef,pg_attrdef_oid_index,0,0,0,0,0
1416687215.35975,pg_catalog,pg_attrdef,pg_attrdef_adrelid_adnum_index,0,0,0,0,0
1416687215.35975,pg_catalog,pg_constraint,pg_constraint_oid_index,343,168,168,44,820
1416687215.35975,pg_catalog,pg_constraint,pg_constraint_contypid_index,0,0,0,44,309
1416687215.35975,pg_catalog,pg_constraint,pg_constraint_conrelid_index,0,0,0,44,309
1416687215.35975,pg_catalog,pg_constraint,pg_constraint_conname_nsp_index,0,0,0,44,309
1416687215.35975,pg_catalog,pg_inherits,pg_inherits_parent_index,0,0,0,0,0
1416687215.35975,pg_catalog,pg_inherits,pg_inherits_relid_seqno_index,1167,0,0,584,583
1416687215.35975,pg_catalog,pg_index,pg_index_indexrelid_index,319072,320344,319072,879,357707
1416687215.35975,pg_catalog,pg_index,pg_index_indrelid_index,86942,262587,262587,1895,107652
1416687215.35975,pg_catalog,pg_opfamily,pg_opfamily_oid_index,0,0,0,0,0
1416687215.35975,pg_catalog,pg_opfamily,pg_opfamily_am_name_nsp_index,0,0,0,0,0
1416687215.35975,pg_catalog,pg_opclass,pg_opclass_oid_index,176142,176142,176142,901,213805
1416687215.35975,pg_catalog,pg_opclass,pg_opclass_am_name_nsp_index,56712,2364988,2364988,2453,70040
1416687215.35975,pg_catalog,pg_am,pg_am_oid_index,0,0,0,0,0
1416687215.35975,pg_catalog,pg_am,pg_am_name_index,0,0,0,0,0
1416687215.35975,pg_catalog,pg_amop,pg_amop_oid_index,0,0,0,0,0
1416687215.35975,pg_catalog,pg_amop,pg_amop_opr_fam_index,137572,387004,387004,3169,298118
1416687215.35975,pg_catalog,pg_amop,pg_amop_fam_strat_index,188121,188121,188121,2666,391404
1416687215.35975,pg_catalog,pg_amproc,pg_amproc_oid_index,0,0,0,0,0
1416687215.35975,pg_catalog,pg_amproc,pg_amproc_fam_proc_index,170948,365708,365708,1507,378953
1416687215.35975,pg_catalog,pg_language,pg_language_oid_index,0,0,0,0,0
1416687215.35975,pg_catalog,pg_language,pg_language_name_index,0,0,0,0,0
1416687215.35975,pg_catalog,pg_largeobject_metadata,pg_largeobject_metadata_oid_index,0,0,0,0,0
1416687215.35975,pg_catalog,pg_aggregate,pg_aggregate_fnoid_index,19881,19881,19881,3245,31413
1416687215.35975,pg_catalog,pg_rewrite,pg_rewrite_rel_rulename_index,7229,6591,5953,1280,11085
1416687215.35975,pg_catalog,pg_rewrite,pg_rewrite_oid_index,1914,1276,1276,888,2329
1416687215.35975,pg_catalog,pg_trigger,pg_trigger_oid_index,0,0,0,0,0
1416687215.35975,pg_catalog,pg_trigger,pg_trigger_tgrelid_tgname_index,0,0,0,0,0
1416687215.35975,pg_catalog,pg_trigger,pg_trigger_tgconstraint_index,0,0,0,0,0
1416687215.35975,pg_catalog,pg_event_trigger,pg_event_trigger_oid_index,0,0,0,0,0
1416687215.35975,pg_catalog,pg_event_trigger,pg_event_trigger_evtname_index,2005,0,0,579,1426
1416687215.35975,pg_catalog,pg_description,pg_description_o_c_o_index,5193,0,0,1644,9909
1416687215.35975,pg_catalog,pg_cast,pg_cast_source_target_index,1250843,296443,296443,933,1285738
1416687215.35975,pg_catalog,pg_cast,pg_cast_oid_index,0,0,0,0,0
1416687215.35975,pg_catalog,pg_database,pg_database_oid_index,53385,53384,53384,960,92542
1416687215.35975,pg_catalog,pg_database,pg_database_datname_index,77176,77175,77175,915,116293
1416687215.35975,pg_catalog,pg_namespace,pg_namespace_oid_index,100841,100799,100799,1477,102241
1416687215.35975,pg_catalog,pg_namespace,pg_namespace_nspname_index,103045,66064,66064,926,139100
1416687215.35975,pg_catalog,pg_conversion,pg_conversion_oid_index,0,0,0,0,0
1416687215.35975,pg_catalog,pg_conversion,pg_conversion_name_nsp_index,0,0,0,0,0
1416687215.35975,pg_catalog,pg_conversion,pg_conversion_default_index,0,0,0,0,0
1416687215.35975,pg_catalog,pg_db_role_setting,pg_db_role_setting_databaseid_rol_index,160464,0,0,406,160058
1416687215.35975,pg_catalog,pg_tablespace,pg_tablespace_spcname_index,0,0,0,64,64
1416687215.35975,pg_catalog,pg_tablespace,pg_tablespace_oid_index,26523,26523,26523,1391,51655
1416687215.35975,pg_catalog,pg_pltemplate,pg_pltemplate_name_index,0,0,0,0,0
1416687215.35975,pg_catalog,pg_auth_members,pg_auth_members_member_role_index,0,0,0,0,0
1416687215.35975,pg_catalog,pg_auth_members,pg_auth_members_role_member_index,0,0,0,0,0
1416687215.35975,pg_catalog,pg_shdepend,pg_shdepend_reference_index,1220,1220,1220,1157,1241
1416687215.35975,pg_catalog,pg_shdepend,pg_shdepend_depender_index,5194,0,0,1114,5248
1416687215.35975,pg_catalog,pg_shdescription,pg_shdescription_o_c_index,0,0,0,0,0
1416687215.35975,pg_catalog,pg_ts_config,pg_ts_config_oid_index,0,0,0,0,0
1416687215.35975,pg_catalog,pg_ts_config,pg_ts_config_cfgname_index,0,0,0,0,0
1416687215.35975,pg_catalog,pg_ts_config_map,pg_ts_config_map_index,0,0,0,0,0
1416687215.35975,pg_catalog,pg_ts_dict,pg_ts_dict_oid_index,0,0,0,0,0
1416687215.35975,pg_catalog,pg_ts_dict,pg_ts_dict_dictname_index,0,0,0,0,0
1416687215.35975,pg_catalog,pg_ts_parser,pg_ts_parser_oid_index,0,0,0,0,0
1416687215.35975,pg_catalog,pg_ts_parser,pg_ts_parser_prsname_index,0,0,0,0,0
1416687215.35975,pg_catalog,pg_ts_template,pg_ts_template_oid_index,0,0,0,0,0
1416687215.35975,pg_catalog,pg_ts_template,pg_ts_template_tmplname_index,0,0,0,0,0
1416687215.35975,pg_catalog,pg_extension,pg_extension_name_index,0,0,0,0,0
1416687215.35975,pg_catalog,pg_extension,pg_extension_oid_index,0,0,0,0,0
1416687215.35975,pg_catalog,pg_foreign_data_wrapper,pg_foreign_data_wrapper_name_index,0,0,0,0,0
1416687215.35975,pg_catalog,pg_foreign_data_wrapper,pg_foreign_data_wrapper_oid_index,0,0,0,0,0
1416687215.35975,pg_catalog,pg_foreign_server,pg_foreign_server_name_index,0,0,0,0,0
1416687215.35975,pg_catalog,pg_foreign_server,pg_foreign_server_oid_index,0,0,0,0,0
1416687215.35975,pg_catalog,pg_foreign_table,pg_foreign_table_relid_index,0,0,0,0,0
1416687215.35975,pg_catalog,pg_rowsecurity,pg_rowsecurity_polname_relid_index,0,0,0,0,0
1416687215.35975,pg_catalog,pg_rowsecurity,pg_rowsecurity_oid_index,0,0,0,0,0
1416687215.35975,pg_catalog,pg_default_acl,pg_default_acl_oid_index,0,0,0,0,0
1416687215.35975,pg_catalog,pg_default_acl,pg_default_acl_role_nsp_obj_index,4708,0,0,530,4178
1416687215.35975,pg_catalog,pg_seclabel,pg_seclabel_object_index,5193,0,0,530,4663
1416687215.35975,pg_catalog,pg_shseclabel,pg_shseclabel_object_index,0,0,0,0,0
1416687215.35975,pg_catalog,pg_collation,pg_collation_oid_index,0,0,0,0,0
1416687215.35975,pg_catalog,pg_collation,pg_collation_name_enc_nsp_index,0,0,0,0,0
1416687215.35975,pg_catalog,pg_range,pg_range_rngtypid_index,8953,0,0,3297,14609
1416687215.35975,pg_toast,pg_toast_12698,pg_toast_12698_index,0,0,0,0,0
1416687215.35975,pg_toast,pg_toast_12703,pg_toast_12703_index,0,0,0,0,0
1416687215.35975,pg_toast,pg_toast_12708,pg_toast_12708_index,0,0,0,0,0
1416687215.35975,pg_toast,pg_toast_12713,pg_toast_12713_index,0,0,0,0,0
1416687215.35975,pg_toast,pg_toast_12718,pg_toast_12718_index,0,0,0,0,0
1416687215.35975,pg_toast,pg_toast_12723,pg_toast_12723_index,0,0,0,0,0
1416687215.35975,pg_catalog,pg_class,pg_class_tblspc_relfilenode_index,0,0,0,1971,6477
1416687215.35975,pg_catalog,pg_class,pg_class_relname_nsp_index,142390,74186,73030,3554,322478
1416687215.35975,pg_catalog,pg_class,pg_class_oid_index,782682,780578,774140,2660,1607310
1416687215.35975,pg_catalog,pg_operator,pg_operator_oprname_l_r_n_index,132018,1347888,1347888,3522,288226
1416687215.35975,pg_catalog,pg_operator,pg_operator_oid_index,155678,155678,155678,2902,335774
1416687215.35975,pg_catalog,pg_enum,pg_enum_typid_sortorder_index,0,0,0,0,0
1416687215.35975,pg_catalog,pg_enum,pg_enum_typid_label_index,0,0,0,0,0
1416687215.35975,pg_catalog,pg_enum,pg_enum_oid_index,0,0,0,0,0
1416687215.35975,pg_catalog,pg_depend,pg_depend_reference_index,37718,40265,34558,8660,87434
1416687215.35975,pg_catalog,pg_depend,pg_depend_depender_index,11003,17796,17796,4541,38217
1416687215.35975,pg_toast,pg_toast_12693,pg_toast_12693_index,0,0,0,0,0
1416687215.35975,public,supplier,supplier_s_suppkey_idx_like,0,0,0,1,0
1416687215.35975,public,supplier,supplier_s_nationkey_s_suppkey_brin_idx,0,0,0,0,3
1416687215.35975,public,supplier,pk_supplier,0,0,0,275,0
1416687215.35975,public,partsupp,pk_partsupp,0,0,0,21936,0
1416687215.35975,public,partsupp,partsupp_ps_suppkey_idx,0,0,0,0,6
1416687215.35975,public,orders,orders_o_orderdate_o_orderkey_brin_idx,0,0,0,0,12
1416687215.35975,public,orders,pk_orders,0,0,0,41130,0
1416687215.35975,public,orders,orders_o_orderkey_o_orderdate_brin_idx,0,0,0,0,12
1416687215.35975,public,nation,pk_nation,0,0,0,1,0
1416687215.35975,public,part,pk_part,0,0,0,5486,0
1416687215.35975,public,part,part_p_container_p_brand_p_partkey_idx,0,0,0,12144,0
1416687215.35975,public,part,part_p_size_brin_idx,0,0,0,0,3
1416687215.35975,public,part,part_p_type_p_partkey_idx,0,0,0,11519,0
1416687215.35975,public,part,part_p_name_idx,0,0,0,13604,0
1416687215.35975,public,customer,customer_c_nationkey_c_custkey_brin_idx,0,0,0,0,3
1416687215.35975,public,customer,customer_c_phone_idx_c_acctbal,0,0,0,3741,0
1416687215.35975,public,customer,customer_c_phone_idx,0,0,0,4115,0
1416687215.35975,public,customer,pk_customer,0,0,0,4115,0
1416687215.35975,public,customer,customer_c_mktsegment_c_custkey_idx,0,0,0,5778,0
1416687215.35975,public,region,pk_region,0,0,0,1,0
1416687275.36081,pg_catalog,pg_statistic,pg_statistic_relid_att_inh_index,205514,197493,197430,2267,440881
1416687275.36081,pg_catalog,pg_type,pg_type_typname_nsp_index,22815,17560,16401,6377,54710
1416687275.36081,pg_catalog,pg_type,pg_type_oid_index,862816,860484,860484,2163,1765540
1416687275.36081,pg_toast,pg_toast_2619,pg_toast_2619_index,147518,498953,498953,2927,299801
1416687275.36081,pg_toast,pg_toast_1255,pg_toast_1255_index,0,0,0,0,0
1416687275.36081,pg_toast,pg_toast_2604,pg_toast_2604_index,0,0,0,0,0
1416687275.36081,pg_toast,pg_toast_2606,pg_toast_2606_index,0,0,0,0,0
1416687275.36081,pg_toast,pg_toast_2618,pg_toast_2618_index,3838,12256,12256,699,5493
1416687275.36081,pg_toast,pg_toast_2620,pg_toast_2620_index,0,0,0,0,0
1416687275.36081,pg_toast,pg_toast_2609,pg_toast_2609_index,0,0,0,0,0
1416687275.36081,pg_toast,pg_toast_2964,pg_toast_2964_index,0,0,0,0,0
1416687275.36081,pg_toast,pg_toast_2396,pg_toast_2396_index,0,0,0,0,0
1416687275.36081,pg_toast,pg_toast_3596,pg_toast_3596_index,0,0,0,0,0
1416687275.36081,pg_catalog,pg_authid,pg_authid_oid_index,37331,37331,37331,971,73691
1416687275.36081,pg_catalog,pg_authid,pg_authid_rolname_index,37106,37106,37106,990,73222
1416687275.36081,pg_catalog,pg_largeobject,pg_largeobject_loid_pn_index,0,0,0,0,0
1416687275.36081,pg_catalog,pg_user_mapping,pg_user_mapping_user_server_index,0,0,0,0,0
1416687275.36081,pg_catalog,pg_user_mapping,pg_user_mapping_oid_index,0,0,0,0,0
1416687275.36081,pg_catalog,pg_attribute,pg_attribute_relid_attnum_index,753079,1698354,1698175,4991,1561705
1416687275.36081,pg_catalog,pg_attribute,pg_attribute_relid_attnam_index,1229,1229,1229,1971,18428
1416687275.36081,pg_catalog,pg_proc,pg_proc_proname_args_nsp_index,44936,203244,203244,7692,117026
1416687275.36081,pg_catalog,pg_proc,pg_proc_oid_index,282231,282231,282231,5446,594768
1416687275.36081,pg_catalog,pg_attrdef,pg_attrdef_oid_index,0,0,0,0,0
1416687275.36081,pg_catalog,pg_attrdef,pg_attrdef_adrelid_adnum_index,0,0,0,0,0
1416687275.36081,pg_catalog,pg_constraint,pg_constraint_oid_index,343,168,168,44,820
1416687275.36081,pg_catalog,pg_constraint,pg_constraint_contypid_index,0,0,0,44,309
1416687275.36081,pg_catalog,pg_constraint,pg_constraint_conrelid_index,0,0,0,44,309
1416687275.36081,pg_catalog,pg_constraint,pg_constraint_conname_nsp_index,0,0,0,44,309
1416687275.36081,pg_catalog,pg_inherits,pg_inherits_parent_index,0,0,0,0,0
1416687275.36081,pg_catalog,pg_inherits,pg_inherits_relid_seqno_index,1167,0,0,584,583
1416687275.36081,pg_catalog,pg_index,pg_index_indexrelid_index,319097,320369,319097,879,357735
1416687275.36081,pg_catalog,pg_index,pg_index_indrelid_index,86958,262616,262616,1895,107673
1416687275.36081,pg_catalog,pg_opfamily,pg_opfamily_oid_index,0,0,0,0,0
1416687275.36081,pg_catalog,pg_opfamily,pg_opfamily_am_name_nsp_index,0,0,0,0,0
1416687275.36081,pg_catalog,pg_opclass,pg_opclass_oid_index,176153,176153,176153,901,213819
1416687275.36081,pg_catalog,pg_opclass,pg_opclass_am_name_nsp_index,56716,2365159,2365159,2453,70047
1416687275.36081,pg_catalog,pg_am,pg_am_oid_index,0,0,0,0,0
1416687275.36081,pg_catalog,pg_am,pg_am_name_index,0,0,0,0,0
1416687275.36081,pg_catalog,pg_amop,pg_amop_oid_index,0,0,0,0,0
1416687275.36081,pg_catalog,pg_amop,pg_amop_opr_fam_index,137584,387035,387035,3169,298146
1416687275.36081,pg_catalog,pg_amop,pg_amop_fam_strat_index,188142,188142,188142,2666,391450
1416687275.36081,pg_catalog,pg_amproc,pg_amproc_oid_index,0,0,0,0,0
1416687275.36081,pg_catalog,pg_amproc,pg_amproc_fam_proc_index,170962,365729,365729,1507,378984
1416687275.36081,pg_catalog,pg_language,pg_language_oid_index,0,0,0,0,0
1416687275.36081,pg_catalog,pg_language,pg_language_name_index,0,0,0,0,0
1416687275.36081,pg_catalog,pg_largeobject_metadata,pg_largeobject_metadata_oid_index,0,0,0,0,0
1416687275.36081,pg_catalog,pg_aggregate,pg_aggregate_fnoid_index,19882,19882,19882,3245,31415
1416687275.36081,pg_catalog,pg_rewrite,pg_rewrite_rel_rulename_index,7236,6598,5960,1280,11097
1416687275.36081,pg_catalog,pg_rewrite,pg_rewrite_oid_index,1914,1276,1276,888,2329
1416687275.36081,pg_catalog,pg_trigger,pg_trigger_oid_index,0,0,0,0,0
1416687275.36081,pg_catalog,pg_trigger,pg_trigger_tgrelid_tgname_index,0,0,0,0,0
1416687275.36081,pg_catalog,pg_trigger,pg_trigger_tgconstraint_index,0,0,0,0,0
1416687275.36081,pg_catalog,pg_event_trigger,pg_event_trigger_oid_index,0,0,0,0,0
1416687275.36081,pg_catalog,pg_event_trigger,pg_event_trigger_evtname_index,2005,0,0,579,1426
1416687275.36081,pg_catalog,pg_description,pg_description_o_c_o_index,5193,0,0,1644,9909
1416687275.36081,pg_catalog,pg_cast,pg_cast_source_target_index,1250912,296471,296471,933,1285812
1416687275.36081,pg_catalog,pg_cast,pg_cast_oid_index,0,0,0,0,0
1416687275.36081,pg_catalog,pg_database,pg_database_oid_index,53402,53401,53401,960,92566
1416687275.36081,pg_catalog,pg_database,pg_database_datname_index,77188,77187,77187,915,116312
1416687275.36081,pg_catalog,pg_namespace,pg_namespace_oid_index,100976,100934,100934,1477,102378
1416687275.36081,pg_catalog,pg_namespace,pg_namespace_nspname_index,103060,66074,66074,926,139120
1416687275.36081,pg_catalog,pg_conversion,pg_conversion_oid_index,0,0,0,0,0
1416687275.36081,pg_catalog,pg_conversion,pg_conversion_name_nsp_index,0,0,0,0,0
1416687275.36081,pg_catalog,pg_conversion,pg_conversion_default_index,0,0,0,0,0
1416687275.36081,pg_catalog,pg_db_role_setting,pg_db_role_setting_databaseid_rol_index,160492,0,0,406,160086
1416687275.36081,pg_catalog,pg_tablespace,pg_tablespace_spcname_index,0,0,0,64,64
1416687275.36081,pg_catalog,pg_tablespace,pg_tablespace_oid_index,26528,26528,26528,1391,51665
1416687275.36081,pg_catalog,pg_pltemplate,pg_pltemplate_name_index,0,0,0,0,0
1416687275.36081,pg_catalog,pg_auth_members,pg_auth_members_member_role_index,0,0,0,0,0
1416687275.36081,pg_catalog,pg_auth_members,pg_auth_members_role_member_index,0,0,0,0,0
1416687275.36081,pg_catalog,pg_shdepend,pg_shdepend_reference_index,1220,1220,1220,1157,1241
1416687275.36081,pg_catalog,pg_shdepend,pg_shdepend_depender_index,5194,0,0,1114,5248
1416687275.36081,pg_catalog,pg_shdescription,pg_shdescription_o_c_index,0,0,0,0,0
1416687275.36081,pg_catalog,pg_ts_config,pg_ts_config_oid_index,0,0,0,0,0
1416687275.36081,pg_catalog,pg_ts_config,pg_ts_config_cfgname_index,0,0,0,0,0
1416687275.36081,pg_catalog,pg_ts_config_map,pg_ts_config_map_index,0,0,0,0,0
1416687275.36081,pg_catalog,pg_ts_dict,pg_ts_dict_oid_index,0,0,0,0,0
1416687275.36081,pg_catalog,pg_ts_dict,pg_ts_dict_dictname_index,0,0,0,0,0
1416687275.36081,pg_catalog,pg_ts_parser,pg_ts_parser_oid_index,0,0,0,0,0
1416687275.36081,pg_catalog,pg_ts_parser,pg_ts_parser_prsname_index,0,0,0,0,0
1416687275.36081,pg_catalog,pg_ts_template,pg_ts_template_oid_index,0,0,0,0,0
1416687275.36081,pg_catalog,pg_ts_template,pg_ts_template_tmplname_index,0,0,0,0,0
1416687275.36081,pg_catalog,pg_extension,pg_extension_name_index,0,0,0,0,0
1416687275.36081,pg_catalog,pg_extension,pg_extension_oid_index,0,0,0,0,0
1416687275.36081,pg_catalog,pg_foreign_data_wrapper,pg_foreign_data_wrapper_name_index,0,0,0,0,0
1416687275.36081,pg_catalog,pg_foreign_data_wrapper,pg_foreign_data_wrapper_oid_index,0,0,0,0,0
1416687275.36081,pg_catalog,pg_foreign_server,pg_foreign_server_name_index,0,0,0,0,0
1416687275.36081,pg_catalog,pg_foreign_server,pg_foreign_server_oid_index,0,0,0,0,0
1416687275.36081,pg_catalog,pg_foreign_table,pg_foreign_table_relid_index,0,0,0,0,0
1416687275.36081,pg_catalog,pg_rowsecurity,pg_rowsecurity_polname_relid_index,0,0,0,0,0
1416687275.36081,pg_catalog,pg_rowsecurity,pg_rowsecurity_oid_index,0,0,0,0,0
1416687275.36081,pg_catalog,pg_default_acl,pg_default_acl_oid_index,0,0,0,0,0
1416687275.36081,pg_catalog,pg_default_acl,pg_default_acl_role_nsp_obj_index,4708,0,0,530,4178
1416687275.36081,pg_catalog,pg_seclabel,pg_seclabel_object_index,5193,0,0,530,4663
1416687275.36081,pg_catalog,pg_shseclabel,pg_shseclabel_object_index,0,0,0,0,0
1416687275.36081,pg_catalog,pg_collation,pg_collation_oid_index,0,0,0,0,0
1416687275.36081,pg_catalog,pg_collation,pg_collation_name_enc_nsp_index,0,0,0,0,0
1416687275.36081,pg_catalog,pg_range,pg_range_rngtypid_index,8953,0,0,3297,14609
1416687275.36081,pg_toast,pg_toast_12698,pg_toast_12698_index,0,0,0,0,0
1416687275.36081,pg_toast,pg_toast_12703,pg_toast_12703_index,0,0,0,0,0
1416687275.36081,pg_toast,pg_toast_12708,pg_toast_12708_index,0,0,0,0,0
1416687275.36081,pg_toast,pg_toast_12713,pg_toast_12713_index,0,0,0,0,0
1416687275.36081,pg_toast,pg_toast_12718,pg_toast_12718_index,0,0,0,0,0
1416687275.36081,pg_toast,pg_toast_12723,pg_toast_12723_index,0,0,0,0,0
1416687275.36081,pg_catalog,pg_class,pg_class_tblspc_relfilenode_index,0,0,0,1971,6480
1416687275.36081,pg_catalog,pg_class,pg_class_relname_nsp_index,142398,74194,73038,3554,322499
1416687275.36081,pg_catalog,pg_class,pg_class_oid_index,783002,780898,774440,2660,1607955
1416687275.36081,pg_catalog,pg_operator,pg_operator_oprname_l_r_n_index,132021,1347891,1347891,3522,288235
1416687275.36081,pg_catalog,pg_operator,pg_operator_oid_index,155692,155692,155692,2902,335807
1416687275.36081,pg_catalog,pg_enum,pg_enum_typid_sortorder_index,0,0,0,0,0
1416687275.36081,pg_catalog,pg_enum,pg_enum_typid_label_index,0,0,0,0,0
1416687275.36081,pg_catalog,pg_enum,pg_enum_oid_index,0,0,0,0,0
1416687275.36081,pg_catalog,pg_depend,pg_depend_reference_index,37718,40265,34558,8660,87434
1416687275.36081,pg_catalog,pg_depend,pg_depend_depender_index,11003,17796,17796,4541,38217
1416687275.36081,pg_toast,pg_toast_12693,pg_toast_12693_index,0,0,0,0,0
1416687275.36081,public,supplier,supplier_s_suppkey_idx_like,0,0,0,1,0
1416687275.36081,public,supplier,supplier_s_nationkey_s_suppkey_brin_idx,0,0,0,0,3
1416687275.36081,public,supplier,pk_supplier,0,0,0,275,0
1416687275.36081,public,partsupp,pk_partsupp,0,0,0,21936,0
1416687275.36081,public,partsupp,partsupp_ps_suppkey_idx,0,0,0,0,6
1416687275.36081,public,orders,orders_o_orderdate_o_orderkey_brin_idx,0,0,0,0,12
1416687275.36081,public,orders,pk_orders,0,0,0,41130,0
1416687275.36081,public,orders,orders_o_orderkey_o_orderdate_brin_idx,0,0,0,0,12
1416687275.36081,public,nation,pk_nation,0,0,0,1,0
1416687275.36081,public,part,pk_part,0,0,0,5486,0
1416687275.36081,public,part,part_p_container_p_brand_p_partkey_idx,0,0,0,12144,0
1416687275.36081,public,part,part_p_size_brin_idx,0,0,0,0,3
1416687275.36081,public,part,part_p_type_p_partkey_idx,0,0,0,11519,0
1416687275.36081,public,part,part_p_name_idx,0,0,0,13604,0
1416687275.36081,public,customer,customer_c_nationkey_c_custkey_brin_idx,0,0,0,0,3
1416687275.36081,public,customer,customer_c_phone_idx_c_acctbal,0,0,0,3741,0
1416687275.36081,public,customer,customer_c_phone_idx,0,0,0,4115,0
1416687275.36081,public,customer,pk_customer,0,0,0,4115,0
1416687275.36081,public,customer,customer_c_mktsegment_c_custkey_idx,0,0,0,5778,0
1416687275.36081,public,region,pk_region,0,0,0,1,0
1416687335.36711,pg_catalog,pg_statistic,pg_statistic_relid_att_inh_index,205543,197514,197451,2267,440945
1416687335.36711,pg_catalog,pg_type,pg_type_typname_nsp_index,22815,17560,16401,6377,54710
1416687335.36711,pg_catalog,pg_type,pg_type_oid_index,862924,860592,860592,2163,1765762
1416687335.36711,pg_toast,pg_toast_2619,pg_toast_2619_index,147521,498959,498959,2927,299810
1416687335.36711,pg_toast,pg_toast_1255,pg_toast_1255_index,0,0,0,0,0
1416687335.36711,pg_toast,pg_toast_2604,pg_toast_2604_index,0,0,0,0,0
1416687335.36711,pg_toast,pg_toast_2606,pg_toast_2606_index,0,0,0,0,0
1416687335.36711,pg_toast,pg_toast_2618,pg_toast_2618_index,3844,12274,12274,699,5503
1416687335.36711,pg_toast,pg_toast_2620,pg_toast_2620_index,0,0,0,0,0
1416687335.36711,pg_toast,pg_toast_2609,pg_toast_2609_index,0,0,0,0,0
1416687335.36711,pg_toast,pg_toast_2964,pg_toast_2964_index,0,0,0,0,0
1416687335.36711,pg_toast,pg_toast_2396,pg_toast_2396_index,0,0,0,0,0
1416687335.36711,pg_toast,pg_toast_3596,pg_toast_3596_index,0,0,0,0,0
1416687335.36711,pg_catalog,pg_authid,pg_authid_oid_index,37336,37336,37336,971,73701
1416687335.36711,pg_catalog,pg_authid,pg_authid_rolname_index,37111,37111,37111,990,73232
1416687335.36711,pg_catalog,pg_largeobject,pg_largeobject_loid_pn_index,0,0,0,0,0
1416687335.36711,pg_catalog,pg_user_mapping,pg_user_mapping_user_server_index,0,0,0,0,0
1416687335.36711,pg_catalog,pg_user_mapping,pg_user_mapping_oid_index,0,0,0,0,0
1416687335.36711,pg_catalog,pg_attribute,pg_attribute_relid_attnum_index,753309,1698745,1698566,4991,1562178
1416687335.36711,pg_catalog,pg_attribute,pg_attribute_relid_attnam_index,1229,1229,1229,1971,18428
1416687335.36711,pg_catalog,pg_proc,pg_proc_proname_args_nsp_index,44948,203298,203298,7692,117056
1416687335.36711,pg_catalog,pg_proc,pg_proc_oid_index,282303,282303,282303,5446,594918
1416687335.36711,pg_catalog,pg_attrdef,pg_attrdef_oid_index,0,0,0,0,0
1416687335.36711,pg_catalog,pg_attrdef,pg_attrdef_adrelid_adnum_index,0,0,0,0,0
1416687335.36711,pg_catalog,pg_constraint,pg_constraint_oid_index,343,168,168,44,820
1416687335.36711,pg_catalog,pg_constraint,pg_constraint_contypid_index,0,0,0,44,309
1416687335.36711,pg_catalog,pg_constraint,pg_constraint_conrelid_index,0,0,0,44,309
1416687335.36711,pg_catalog,pg_constraint,pg_constraint_conname_nsp_index,0,0,0,44,309
1416687335.36711,pg_catalog,pg_inherits,pg_inherits_parent_index,0,0,0,0,0
1416687335.36711,pg_catalog,pg_inherits,pg_inherits_relid_seqno_index,1167,0,0,584,583
1416687335.36711,pg_catalog,pg_index,pg_index_indexrelid_index,319130,320402,319130,879,357777
1416687335.36711,pg_catalog,pg_index,pg_index_indrelid_index,86977,262650,262650,1895,107698
1416687335.36711,pg_catalog,pg_opfamily,pg_opfamily_oid_index,0,0,0,0,0
1416687335.36711,pg_catalog,pg_opfamily,pg_opfamily_am_name_nsp_index,0,0,0,0,0
1416687335.36711,pg_catalog,pg_opclass,pg_opclass_oid_index,176171,176171,176171,901,213846
1416687335.36711,pg_catalog,pg_opclass,pg_opclass_am_name_nsp_index,56720,2365330,2365330,2453,70054
1416687335.36711,pg_catalog,pg_am,pg_am_oid_index,0,0,0,0,0
1416687335.36711,pg_catalog,pg_am,pg_am_name_index,0,0,0,0,0
1416687335.36711,pg_catalog,pg_amop,pg_amop_oid_index,0,0,0,0,0
1416687335.36711,pg_catalog,pg_amop,pg_amop_opr_fam_index,137598,387072,387072,3169,298179
1416687335.36711,pg_catalog,pg_amop,pg_amop_fam_strat_index,188167,188167,188167,2666,391505
1416687335.36711,pg_catalog,pg_amproc,pg_amproc_oid_index,0,0,0,0,0
1416687335.36711,pg_catalog,pg_amproc,pg_amproc_fam_proc_index,170984,365765,365765,1507,379037
1416687335.36711,pg_catalog,pg_language,pg_language_oid_index,0,0,0,0,0
1416687335.36711,pg_catalog,pg_language,pg_language_name_index,0,0,0,0,0
1416687335.36711,pg_catalog,pg_largeobject_metadata,pg_largeobject_metadata_oid_index,0,0,0,0,0
1416687335.36711,pg_catalog,pg_aggregate,pg_aggregate_fnoid_index,19883,19883,19883,3245,31417
1416687335.36711,pg_catalog,pg_rewrite,pg_rewrite_rel_rulename_index,7244,6606,5968,1280,11111
1416687335.36711,pg_catalog,pg_rewrite,pg_rewrite_oid_index,1914,1276,1276,888,2329
1416687335.36711,pg_catalog,pg_trigger,pg_trigger_oid_index,0,0,0,0,0
1416687335.36711,pg_catalog,pg_trigger,pg_trigger_tgrelid_tgname_index,0,0,0,0,0
1416687335.36711,pg_catalog,pg_trigger,pg_trigger_tgconstraint_index,0,0,0,0,0
1416687335.36711,pg_catalog,pg_event_trigger,pg_event_trigger_oid_index,0,0,0,0,0
1416687335.36711,pg_catalog,pg_event_trigger,pg_event_trigger_evtname_index,2005,0,0,579,1426
1416687335.36711,pg_catalog,pg_description,pg_description_o_c_o_index,5193,0,0,1644,9909
1416687335.36711,pg_catalog,pg_cast,pg_cast_source_target_index,1250988,296504,296504,933,1285894
1416687335.36711,pg_catalog,pg_cast,pg_cast_oid_index,0,0,0,0,0
1416687335.36711,pg_catalog,pg_database,pg_database_oid_index,53419,53418,53418,960,92590
1416687335.36711,pg_catalog,pg_database,pg_database_datname_index,77200,77199,77199,915,116331
1416687335.36711,pg_catalog,pg_namespace,pg_namespace_oid_index,101111,101069,101069,1477,102515
1416687335.36711,pg_catalog,pg_namespace,pg_namespace_nspname_index,103078,66086,66086,926,139144
1416687335.36711,pg_catalog,pg_conversion,pg_conversion_oid_index,0,0,0,0,0
1416687335.36711,pg_catalog,pg_conversion,pg_conversion_name_nsp_index,0,0,0,0,0
1416687335.36711,pg_catalog,pg_conversion,pg_conversion_default_index,0,0,0,0,0
1416687335.36711,pg_catalog,pg_db_role_setting,pg_db_role_setting_databaseid_rol_index,160520,0,0,406,160114
1416687335.36711,pg_catalog,pg_tablespace,pg_tablespace_spcname_index,0,0,0,64,64
1416687335.36711,pg_catalog,pg_tablespace,pg_tablespace_oid_index,26533,26533,26533,1391,51675
1416687335.36711,pg_catalog,pg_pltemplate,pg_pltemplate_name_index,0,0,0,0,0
1416687335.36711,pg_catalog,pg_auth_members,pg_auth_members_member_role_index,0,0,0,0,0
1416687335.36711,pg_catalog,pg_auth_members,pg_auth_members_role_member_index,0,0,0,0,0
1416687335.36711,pg_catalog,pg_shdepend,pg_shdepend_reference_index,1220,1220,1220,1157,1241
1416687335.36711,pg_catalog,pg_shdepend,pg_shdepend_depender_index,5194,0,0,1114,5248
1416687335.36711,pg_catalog,pg_shdescription,pg_shdescription_o_c_index,0,0,0,0,0
1416687335.36711,pg_catalog,pg_ts_config,pg_ts_config_oid_index,0,0,0,0,0
1416687335.36711,pg_catalog,pg_ts_config,pg_ts_config_cfgname_index,0,0,0,0,0
1416687335.36711,pg_catalog,pg_ts_config_map,pg_ts_config_map_index,0,0,0,0,0
1416687335.36711,pg_catalog,pg_ts_dict,pg_ts_dict_oid_index,0,0,0,0,0
1416687335.36711,pg_catalog,pg_ts_dict,pg_ts_dict_dictname_index,0,0,0,0,0
1416687335.36711,pg_catalog,pg_ts_parser,pg_ts_parser_oid_index,0,0,0,0,0
1416687335.36711,pg_catalog,pg_ts_parser,pg_ts_parser_prsname_index,0,0,0,0,0
1416687335.36711,pg_catalog,pg_ts_template,pg_ts_template_oid_index,0,0,0,0,0
1416687335.36711,pg_catalog,pg_ts_template,pg_ts_template_tmplname_index,0,0,0,0,0
1416687335.36711,pg_catalog,pg_extension,pg_extension_name_index,0,0,0,0,0
1416687335.36711,pg_catalog,pg_extension,pg_extension_oid_index,0,0,0,0,0
1416687335.36711,pg_catalog,pg_foreign_data_wrapper,pg_foreign_data_wrapper_name_index,0,0,0,0,0
1416687335.36711,pg_catalog,pg_foreign_data_wrapper,pg_foreign_data_wrapper_oid_index,0,0,0,0,0
1416687335.36711,pg_catalog,pg_foreign_server,pg_foreign_server_name_index,0,0,0,0,0
1416687335.36711,pg_catalog,pg_foreign_server,pg_foreign_server_oid_index,0,0,0,0,0
1416687335.36711,pg_catalog,pg_foreign_table,pg_foreign_table_relid_index,0,0,0,0,0
1416687335.36711,pg_catalog,pg_rowsecurity,pg_rowsecurity_polname_relid_index,0,0,0,0,0
1416687335.36711,pg_catalog,pg_rowsecurity,pg_rowsecurity_oid_index,0,0,0,0,0
1416687335.36711,pg_catalog,pg_default_acl,pg_default_acl_oid_index,0,0,0,0,0
1416687335.36711,pg_catalog,pg_default_acl,pg_default_acl_role_nsp_obj_index,4708,0,0,530,4178
1416687335.36711,pg_catalog,pg_seclabel,pg_seclabel_object_index,5193,0,0,530,4663
1416687335.36711,pg_catalog,pg_shseclabel,pg_shseclabel_object_index,0,0,0,0,0
1416687335.36711,pg_catalog,pg_collation,pg_collation_oid_index,0,0,0,0,0
1416687335.36711,pg_catalog,pg_collation,pg_collation_name_enc_nsp_index,0,0,0,0,0
1416687335.36711,pg_catalog,pg_range,pg_range_rngtypid_index,8953,0,0,3297,14609
1416687335.36711,pg_toast,pg_toast_12698,pg_toast_12698_index,0,0,0,0,0
1416687335.36711,pg_toast,pg_toast_12703,pg_toast_12703_index,0,0,0,0,0
1416687335.36711,pg_toast,pg_toast_12708,pg_toast_12708_index,0,0,0,0,0
1416687335.36711,pg_toast,pg_toast_12713,pg_toast_12713_index,0,0,0,0,0
1416687335.36711,pg_toast,pg_toast_12718,pg_toast_12718_index,0,0,0,0,0
1416687335.36711,pg_toast,pg_toast_12723,pg_toast_12723_index,0,0,0,0,0
1416687335.36711,pg_catalog,pg_class,pg_class_tblspc_relfilenode_index,0,0,0,1971,6483
1416687335.36711,pg_catalog,pg_class,pg_class_relname_nsp_index,142407,74203,73047,3554,322523
1416687335.36711,pg_catalog,pg_class,pg_class_oid_index,783341,781237,774759,2660,1608644
1416687335.36711,pg_catalog,pg_operator,pg_operator_oprname_l_r_n_index,132024,1347894,1347894,3522,288244
1416687335.36711,pg_catalog,pg_operator,pg_operator_oid_index,155707,155707,155707,2902,335843
1416687335.36711,pg_catalog,pg_enum,pg_enum_typid_sortorder_index,0,0,0,0,0
1416687335.36711,pg_catalog,pg_enum,pg_enum_typid_label_index,0,0,0,0,0
1416687335.36711,pg_catalog,pg_enum,pg_enum_oid_index,0,0,0,0,0
1416687335.36711,pg_catalog,pg_depend,pg_depend_reference_index,37718,40265,34558,8660,87434
1416687335.36711,pg_catalog,pg_depend,pg_depend_depender_index,11003,17796,17796,4541,38217
1416687335.36711,pg_toast,pg_toast_12693,pg_toast_12693_index,0,0,0,0,0
1416687335.36711,public,supplier,supplier_s_suppkey_idx_like,0,0,0,1,0
1416687335.36711,public,supplier,supplier_s_nationkey_s_suppkey_brin_idx,0,0,0,0,3
1416687335.36711,public,supplier,pk_supplier,0,0,0,275,0
1416687335.36711,public,partsupp,pk_partsupp,0,0,0,21936,0
1416687335.36711,public,partsupp,partsupp_ps_suppkey_idx,0,0,0,0,6
1416687335.36711,public,orders,orders_o_orderdate_o_orderkey_brin_idx,0,0,0,0,12
1416687335.36711,public,orders,pk_orders,0,0,0,41130,0
1416687335.36711,public,orders,orders_o_orderkey_o_orderdate_brin_idx,0,0,0,0,12
1416687335.36711,public,nation,pk_nation,0,0,0,1,0
1416687335.36711,public,part,pk_part,0,0,0,5486,0
1416687335.36711,public,part,part_p_container_p_brand_p_partkey_idx,0,0,0,12144,0
1416687335.36711,public,part,part_p_size_brin_idx,0,0,0,0,3
1416687335.36711,public,part,part_p_type_p_partkey_idx,0,0,0,11519,0
1416687335.36711,public,part,part_p_name_idx,0,0,0,13604,0
1416687335.36711,public,customer,customer_c_nationkey_c_custkey_brin_idx,0,0,0,0,3
1416687335.36711,public,customer,customer_c_phone_idx_c_acctbal,0,0,0,3741,0
1416687335.36711,public,customer,customer_c_phone_idx,0,0,0,4115,0
1416687335.36711,public,customer,pk_customer,0,0,0,4115,0
1416687335.36711,public,customer,customer_c_mktsegment_c_custkey_idx,0,0,0,5778,0
1416687335.36711,public,region,pk_region,0,0,0,1,0
1416687395.3661,pg_catalog,pg_statistic,pg_statistic_relid_att_inh_index,205564,197531,197468,2267,440991
1416687395.3661,pg_catalog,pg_type,pg_type_typname_nsp_index,22815,17560,16401,6377,54710
1416687395.3661,pg_catalog,pg_type,pg_type_oid_index,863000,860668,860668,2163,1765918
1416687395.3661,pg_toast,pg_toast_2619,pg_toast_2619_index,147524,498965,498965,2927,299819
1416687395.3661,pg_toast,pg_toast_1255,pg_toast_1255_index,0,0,0,0,0
1416687395.3661,pg_toast,pg_toast_2604,pg_toast_2604_index,0,0,0,0,0
1416687395.3661,pg_toast,pg_toast_2606,pg_toast_2606_index,0,0,0,0,0
1416687395.3661,pg_toast,pg_toast_2618,pg_toast_2618_index,3848,12288,12288,699,5509
1416687395.3661,pg_toast,pg_toast_2620,pg_toast_2620_index,0,0,0,0,0
1416687395.3661,pg_toast,pg_toast_2609,pg_toast_2609_index,0,0,0,0,0
1416687395.3661,pg_toast,pg_toast_2964,pg_toast_2964_index,0,0,0,0,0
1416687395.3661,pg_toast,pg_toast_2396,pg_toast_2396_index,0,0,0,0,0
1416687395.3661,pg_toast,pg_toast_3596,pg_toast_3596_index,0,0,0,0,0
1416687395.3661,pg_catalog,pg_authid,pg_authid_oid_index,37341,37341,37341,971,73711
1416687395.3661,pg_catalog,pg_authid,pg_authid_rolname_index,37116,37116,37116,990,73242
1416687395.3661,pg_catalog,pg_largeobject,pg_largeobject_loid_pn_index,0,0,0,0,0
1416687395.3661,pg_catalog,pg_user_mapping,pg_user_mapping_user_server_index,0,0,0,0,0
1416687395.3661,pg_catalog,pg_user_mapping,pg_user_mapping_oid_index,0,0,0,0,0
1416687395.3661,pg_catalog,pg_attribute,pg_attribute_relid_attnum_index,753491,1699030,1698851,4991,1562545
1416687395.3661,pg_catalog,pg_attribute,pg_attribute_relid_attnam_index,1229,1229,1229,1971,18428
1416687395.3661,pg_catalog,pg_proc,pg_proc_proname_args_nsp_index,44956,203334,203334,7692,117076
1416687395.3661,pg_catalog,pg_proc,pg_proc_oid_index,282367,282367,282367,5446,595050
1416687395.3661,pg_catalog,pg_attrdef,pg_attrdef_oid_index,0,0,0,0,0
1416687395.3661,pg_catalog,pg_attrdef,pg_attrdef_adrelid_adnum_index,0,0,0,0,0
1416687395.3661,pg_catalog,pg_constraint,pg_constraint_oid_index,343,168,168,44,820
1416687395.3661,pg_catalog,pg_constraint,pg_constraint_contypid_index,0,0,0,44,309
1416687395.3661,pg_catalog,pg_constraint,pg_constraint_conrelid_index,0,0,0,44,309
1416687395.3661,pg_catalog,pg_constraint,pg_constraint_conname_nsp_index,0,0,0,44,309
1416687395.3661,pg_catalog,pg_inherits,pg_inherits_parent_index,0,0,0,0,0
1416687395.3661,pg_catalog,pg_inherits,pg_inherits_relid_seqno_index,1167,0,0,584,583
1416687395.3661,pg_catalog,pg_index,pg_index_indexrelid_index,319153,320425,319153,879,357803
1416687395.3661,pg_catalog,pg_index,pg_index_indrelid_index,86990,262674,262674,1895,107715
1416687395.3661,pg_catalog,pg_opfamily,pg_opfamily_oid_index,0,0,0,0,0
1416687395.3661,pg_catalog,pg_opfamily,pg_opfamily_am_name_nsp_index,0,0,0,0,0
1416687395.3661,pg_catalog,pg_opclass,pg_opclass_oid_index,176181,176181,176181,901,213859
1416687395.3661,pg_catalog,pg_opclass,pg_opclass_am_name_nsp_index,56724,2365501,2365501,2453,70061
1416687395.3661,pg_catalog,pg_am,pg_am_oid_index,0,0,0,0,0
1416687395.3661,pg_catalog,pg_am,pg_am_name_index,0,0,0,0,0
1416687395.3661,pg_catalog,pg_amop,pg_amop_oid_index,0,0,0,0,0
1416687395.3661,pg_catalog,pg_amop,pg_amop_opr_fam_index,137608,387097,387097,3169,298202
1416687395.3661,pg_catalog,pg_amop,pg_amop_fam_strat_index,188184,188184,188184,2666,391542
1416687395.3661,pg_catalog,pg_amproc,pg_amproc_oid_index,0,0,0,0,0
1416687395.3661,pg_catalog,pg_amproc,pg_amproc_fam_proc_index,170996,365783,365783,1507,379064
1416687395.3661,pg_catalog,pg_language,pg_language_oid_index,0,0,0,0,0
1416687395.3661,pg_catalog,pg_language,pg_language_name_index,0,0,0,0,0
1416687395.3661,pg_catalog,pg_largeobject_metadata,pg_largeobject_metadata_oid_index,0,0,0,0,0
1416687395.3661,pg_catalog,pg_aggregate,pg_aggregate_fnoid_index,19884,19884,19884,3245,31419
1416687395.3661,pg_catalog,pg_rewrite,pg_rewrite_rel_rulename_index,7250,6612,5974,1280,11121
1416687395.3661,pg_catalog,pg_rewrite,pg_rewrite_oid_index,1914,1276,1276,888,2329
1416687395.3661,pg_catalog,pg_trigger,pg_trigger_oid_index,0,0,0,0,0
1416687395.3661,pg_catalog,pg_trigger,pg_trigger_tgrelid_tgname_index,0,0,0,0,0
1416687395.3661,pg_catalog,pg_trigger,pg_trigger_tgconstraint_index,0,0,0,0,0
1416687395.3661,pg_catalog,pg_event_trigger,pg_event_trigger_oid_index,0,0,0,0,0
1416687395.3661,pg_catalog,pg_event_trigger,pg_event_trigger_evtname_index,2005,0,0,579,1426
1416687395.3661,pg_catalog,pg_description,pg_description_o_c_o_index,5193,0,0,1644,9909
1416687395.3661,pg_catalog,pg_cast,pg_cast_source_target_index,1251050,296527,296527,933,1285960
1416687395.3661,pg_catalog,pg_cast,pg_cast_oid_index,0,0,0,0,0
1416687395.3661,pg_catalog,pg_database,pg_database_oid_index,53433,53432,53432,960,92611
1416687395.3661,pg_catalog,pg_database,pg_database_datname_index,77212,77211,77211,915,116350
1416687395.3661,pg_catalog,pg_namespace,pg_namespace_oid_index,101246,101204,101204,1477,102652
1416687395.3661,pg_catalog,pg_namespace,pg_namespace_nspname_index,103090,66094,66094,926,139160
1416687395.3661,pg_catalog,pg_conversion,pg_conversion_oid_index,0,0,0,0,0
1416687395.3661,pg_catalog,pg_conversion,pg_conversion_name_nsp_index,0,0,0,0,0
1416687395.3661,pg_catalog,pg_conversion,pg_conversion_default_index,0,0,0,0,0
1416687395.3661,pg_catalog,pg_db_role_setting,pg_db_role_setting_databaseid_rol_index,160548,0,0,406,160142
1416687395.3661,pg_catalog,pg_tablespace,pg_tablespace_spcname_index,0,0,0,64,64
1416687395.3661,pg_catalog,pg_tablespace,pg_tablespace_oid_index,26538,26538,26538,1391,51685
1416687395.3661,pg_catalog,pg_pltemplate,pg_pltemplate_name_index,0,0,0,0,0
1416687395.3661,pg_catalog,pg_auth_members,pg_auth_members_member_role_index,0,0,0,0,0
1416687395.3661,pg_catalog,pg_auth_members,pg_auth_members_role_member_index,0,0,0,0,0
1416687395.3661,pg_catalog,pg_shdepend,pg_shdepend_reference_index,1220,1220,1220,1157,1241
1416687395.3661,pg_catalog,pg_shdepend,pg_shdepend_depender_index,5194,0,0,1114,5248
1416687395.3661,pg_catalog,pg_shdescription,pg_shdescription_o_c_index,0,0,0,0,0
1416687395.3661,pg_catalog,pg_ts_config,pg_ts_config_oid_index,0,0,0,0,0
1416687395.3661,pg_catalog,pg_ts_config,pg_ts_config_cfgname_index,0,0,0,0,0
1416687395.3661,pg_catalog,pg_ts_config_map,pg_ts_config_map_index,0,0,0,0,0
1416687395.3661,pg_catalog,pg_ts_dict,pg_ts_dict_oid_index,0,0,0,0,0
1416687395.3661,pg_catalog,pg_ts_dict,pg_ts_dict_dictname_index,0,0,0,0,0
1416687395.3661,pg_catalog,pg_ts_parser,pg_ts_parser_oid_index,0,0,0,0,0
1416687395.3661,pg_catalog,pg_ts_parser,pg_ts_parser_prsname_index,0,0,0,0,0
1416687395.3661,pg_catalog,pg_ts_template,pg_ts_template_oid_index,0,0,0,0,0
1416687395.3661,pg_catalog,pg_ts_template,pg_ts_template_tmplname_index,0,0,0,0,0
1416687395.3661,pg_catalog,pg_extension,pg_extension_name_index,0,0,0,0,0
1416687395.3661,pg_catalog,pg_extension,pg_extension_oid_index,0,0,0,0,0
1416687395.3661,pg_catalog,pg_foreign_data_wrapper,pg_foreign_data_wrapper_name_index,0,0,0,0,0
1416687395.3661,pg_catalog,pg_foreign_data_wrapper,pg_foreign_data_wrapper_oid_index,0,0,0,0,0
1416687395.3661,pg_catalog,pg_foreign_server,pg_foreign_server_name_index,0,0,0,0,0
1416687395.3661,pg_catalog,pg_foreign_server,pg_foreign_server_oid_index,0,0,0,0,0
1416687395.3661,pg_catalog,pg_foreign_table,pg_foreign_table_relid_index,0,0,0,0,0
1416687395.3661,pg_catalog,pg_rowsecurity,pg_rowsecurity_polname_relid_index,0,0,0,0,0
1416687395.3661,pg_catalog,pg_rowsecurity,pg_rowsecurity_oid_index,0,0,0,0,0
1416687395.3661,pg_catalog,pg_default_acl,pg_default_acl_oid_index,0,0,0,0,0
1416687395.3661,pg_catalog,pg_default_acl,pg_default_acl_role_nsp_obj_index,4708,0,0,530,4178
1416687395.3661,pg_catalog,pg_seclabel,pg_seclabel_object_index,5193,0,0,530,4663
1416687395.3661,pg_catalog,pg_shseclabel,pg_shseclabel_object_index,0,0,0,0,0
1416687395.3661,pg_catalog,pg_collation,pg_collation_oid_index,0,0,0,0,0
1416687395.3661,pg_catalog,pg_collation,pg_collation_name_enc_nsp_index,0,0,0,0,0
1416687395.3661,pg_catalog,pg_range,pg_range_rngtypid_index,8953,0,0,3297,14609
1416687395.3661,pg_toast,pg_toast_12698,pg_toast_12698_index,0,0,0,0,0
1416687395.3661,pg_toast,pg_toast_12703,pg_toast_12703_index,0,0,0,0,0
1416687395.3661,pg_toast,pg_toast_12708,pg_toast_12708_index,0,0,0,0,0
1416687395.3661,pg_toast,pg_toast_12713,pg_toast_12713_index,0,0,0,0,0
1416687395.3661,pg_toast,pg_toast_12718,pg_toast_12718_index,0,0,0,0,0
1416687395.3661,pg_toast,pg_toast_12723,pg_toast_12723_index,0,0,0,0,0
1416687395.3661,pg_catalog,pg_class,pg_class_tblspc_relfilenode_index,0,0,0,1971,6486
1416687395.3661,pg_catalog,pg_class,pg_class_relname_nsp_index,142414,74210,73054,3554,322541
1416687395.3661,pg_catalog,pg_class,pg_class_oid_index,783654,781550,775052,2660,1609275
1416687395.3661,pg_catalog,pg_operator,pg_operator_oprname_l_r_n_index,132027,1347897,1347897,3522,288253
1416687395.3661,pg_catalog,pg_operator,pg_operator_oid_index,155720,155720,155720,2902,335873
1416687395.3661,pg_catalog,pg_enum,pg_enum_typid_sortorder_index,0,0,0,0,0
1416687395.3661,pg_catalog,pg_enum,pg_enum_typid_label_index,0,0,0,0,0
1416687395.3661,pg_catalog,pg_enum,pg_enum_oid_index,0,0,0,0,0
1416687395.3661,pg_catalog,pg_depend,pg_depend_reference_index,37718,40265,34558,8660,87434
1416687395.3661,pg_catalog,pg_depend,pg_depend_depender_index,11003,17796,17796,4541,38217
1416687395.3661,pg_toast,pg_toast_12693,pg_toast_12693_index,0,0,0,0,0
1416687395.3661,public,supplier,supplier_s_suppkey_idx_like,0,0,0,1,0
1416687395.3661,public,supplier,supplier_s_nationkey_s_suppkey_brin_idx,0,0,0,0,3
1416687395.3661,public,supplier,pk_supplier,0,0,0,275,0
1416687395.3661,public,partsupp,pk_partsupp,0,0,0,21936,0
1416687395.3661,public,partsupp,partsupp_ps_suppkey_idx,0,0,0,0,6
1416687395.3661,public,orders,orders_o_orderdate_o_orderkey_brin_idx,0,0,0,0,12
1416687395.3661,public,orders,pk_orders,0,0,0,41130,0
1416687395.3661,public,orders,orders_o_orderkey_o_orderdate_brin_idx,0,0,0,0,12
1416687395.3661,public,nation,pk_nation,0,0,0,1,0
1416687395.3661,public,part,pk_part,0,0,0,5486,0
1416687395.3661,public,part,part_p_container_p_brand_p_partkey_idx,0,0,0,12144,0
1416687395.3661,public,part,part_p_size_brin_idx,0,0,0,0,3
1416687395.3661,public,part,part_p_type_p_partkey_idx,0,0,0,11519,0
1416687395.3661,public,part,part_p_name_idx,0,0,0,13604,0
1416687395.3661,public,customer,customer_c_nationkey_c_custkey_brin_idx,0,0,0,0,3
1416687395.3661,public,customer,customer_c_phone_idx_c_acctbal,0,0,0,3741,0
1416687395.3661,public,customer,customer_c_phone_idx,0,0,0,4115,0
1416687395.3661,public,customer,pk_customer,0,0,0,4115,0
1416687395.3661,public,customer,customer_c_mktsegment_c_custkey_idx,0,0,0,5778,0
1416687395.3661,public,region,pk_region,0,0,0,1,0
1416687455.36907,pg_catalog,pg_statistic,pg_statistic_relid_att_inh_index,205589,197550,197487,2267,441046
1416687455.36907,pg_catalog,pg_type,pg_type_typname_nsp_index,22815,17560,16401,6377,54710
1416687455.36907,pg_catalog,pg_type,pg_type_oid_index,863097,860765,860765,2163,1766118
1416687455.36907,pg_toast,pg_toast_2619,pg_toast_2619_index,147527,498971,498971,2927,299828
1416687455.36907,pg_toast,pg_toast_1255,pg_toast_1255_index,0,0,0,0,0
1416687455.36907,pg_toast,pg_toast_2604,pg_toast_2604_index,0,0,0,0,0
1416687455.36907,pg_toast,pg_toast_2606,pg_toast_2606_index,0,0,0,0,0
1416687455.36907,pg_toast,pg_toast_2618,pg_toast_2618_index,3853,12304,12304,699,5517
1416687455.36907,pg_toast,pg_toast_2620,pg_toast_2620_index,0,0,0,0,0
1416687455.36907,pg_toast,pg_toast_2609,pg_toast_2609_index,0,0,0,0,0
1416687455.36907,pg_toast,pg_toast_2964,pg_toast_2964_index,0,0,0,0,0
1416687455.36907,pg_toast,pg_toast_2396,pg_toast_2396_index,0,0,0,0,0
1416687455.36907,pg_toast,pg_toast_3596,pg_toast_3596_index,0,0,0,0,0
1416687455.36907,pg_catalog,pg_authid,pg_authid_oid_index,37348,37348,37348,971,73725
1416687455.36907,pg_catalog,pg_authid,pg_authid_rolname_index,37123,37123,37123,990,73256
1416687455.36907,pg_catalog,pg_largeobject,pg_largeobject_loid_pn_index,0,0,0,0,0
1416687455.36907,pg_catalog,pg_user_mapping,pg_user_mapping_user_server_index,0,0,0,0,0
1416687455.36907,pg_catalog,pg_user_mapping,pg_user_mapping_oid_index,0,0,0,0,0
1416687455.36907,pg_catalog,pg_attribute,pg_attribute_relid_attnum_index,753708,1699409,1699230,4991,1562992
1416687455.36907,pg_catalog,pg_attribute,pg_attribute_relid_attnam_index,1229,1229,1229,1971,18428
1416687455.36907,pg_catalog,pg_proc,pg_proc_proname_args_nsp_index,44966,203379,203379,7692,117101
1416687455.36907,pg_catalog,pg_proc,pg_proc_oid_index,282435,282435,282435,5446,595191
1416687455.36907,pg_catalog,pg_attrdef,pg_attrdef_oid_index,0,0,0,0,0
1416687455.36907,pg_catalog,pg_attrdef,pg_attrdef_adrelid_adnum_index,0,0,0,0,0
1416687455.36907,pg_catalog,pg_constraint,pg_constraint_oid_index,343,168,168,44,820
1416687455.36907,pg_catalog,pg_constraint,pg_constraint_contypid_index,0,0,0,44,309
1416687455.36907,pg_catalog,pg_constraint,pg_constraint_conrelid_index,0,0,0,44,309
1416687455.36907,pg_catalog,pg_constraint,pg_constraint_conname_nsp_index,0,0,0,44,309
1416687455.36907,pg_catalog,pg_inherits,pg_inherits_parent_index,0,0,0,0,0
1416687455.36907,pg_catalog,pg_inherits,pg_inherits_relid_seqno_index,1167,0,0,584,583
1416687455.36907,pg_catalog,pg_index,pg_index_indexrelid_index,319186,320458,319186,879,357847
1416687455.36907,pg_catalog,pg_index,pg_index_indrelid_index,87006,262703,262703,1895,107736
1416687455.36907,pg_catalog,pg_opfamily,pg_opfamily_oid_index,0,0,0,0,0
1416687455.36907,pg_catalog,pg_opfamily,pg_opfamily_am_name_nsp_index,0,0,0,0,0
1416687455.36907,pg_catalog,pg_opclass,pg_opclass_oid_index,176200,176200,176200,901,213889
1416687455.36907,pg_catalog,pg_opclass,pg_opclass_am_name_nsp_index,56728,2365672,2365672,2453,70068
1416687455.36907,pg_catalog,pg_am,pg_am_oid_index,0,0,0,0,0
1416687455.36907,pg_catalog,pg_am,pg_am_name_index,0,0,0,0,0
1416687455.36907,pg_catalog,pg_amop,pg_amop_oid_index,0,0,0,0,0
1416687455.36907,pg_catalog,pg_amop,pg_amop_opr_fam_index,137620,387128,387128,3169,298230
1416687455.36907,pg_catalog,pg_amop,pg_amop_fam_strat_index,188205,188205,188205,2666,391588
1416687455.36907,pg_catalog,pg_amproc,pg_amproc_oid_index,0,0,0,0,0
1416687455.36907,pg_catalog,pg_amproc,pg_amproc_fam_proc_index,171018,365820,365820,1507,379119
1416687455.36907,pg_catalog,pg_language,pg_language_oid_index,0,0,0,0,0
1416687455.36907,pg_catalog,pg_language,pg_language_name_index,0,0,0,0,0
1416687455.36907,pg_catalog,pg_largeobject_metadata,pg_largeobject_metadata_oid_index,0,0,0,0,0
1416687455.36907,pg_catalog,pg_aggregate,pg_aggregate_fnoid_index,19885,19885,19885,3245,31421
1416687455.36907,pg_catalog,pg_rewrite,pg_rewrite_rel_rulename_index,7257,6619,5981,1280,11133
1416687455.36907,pg_catalog,pg_rewrite,pg_rewrite_oid_index,1914,1276,1276,888,2329
1416687455.36907,pg_catalog,pg_trigger,pg_trigger_oid_index,0,0,0,0,0
1416687455.36907,pg_catalog,pg_trigger,pg_trigger_tgrelid_tgname_index,0,0,0,0,0
1416687455.36907,pg_catalog,pg_trigger,pg_trigger_tgconstraint_index,0,0,0,0,0
1416687455.36907,pg_catalog,pg_event_trigger,pg_event_trigger_oid_index,0,0,0,0,0
1416687455.36907,pg_catalog,pg_event_trigger,pg_event_trigger_evtname_index,2005,0,0,579,1426
1416687455.36907,pg_catalog,pg_description,pg_description_o_c_o_index,5193,0,0,1644,9909
1416687455.36907,pg_catalog,pg_cast,pg_cast_source_target_index,1251119,296555,296555,933,1286034
1416687455.36907,pg_catalog,pg_cast,pg_cast_oid_index,0,0,0,0,0
1416687455.36907,pg_catalog,pg_database,pg_database_oid_index,53452,53451,53451,960,92639
1416687455.36907,pg_catalog,pg_database,pg_database_datname_index,77228,77227,77227,915,116375
1416687455.36907,pg_catalog,pg_namespace,pg_namespace_oid_index,101382,101340,101340,1477,102791
1416687455.36907,pg_catalog,pg_namespace,pg_namespace_nspname_index,103107,66105,66105,926,139183
1416687455.36907,pg_catalog,pg_conversion,pg_conversion_oid_index,0,0,0,0,0
1416687455.36907,pg_catalog,pg_conversion,pg_conversion_name_nsp_index,0,0,0,0,0
1416687455.36907,pg_catalog,pg_conversion,pg_conversion_default_index,0,0,0,0,0
1416687455.36907,pg_catalog,pg_db_role_setting,pg_db_role_setting_databaseid_rol_index,160584,0,0,406,160178
1416687455.36907,pg_catalog,pg_tablespace,pg_tablespace_spcname_index,0,0,0,64,64
1416687455.36907,pg_catalog,pg_tablespace,pg_tablespace_oid_index,26543,26543,26543,1391,51695
1416687455.36907,pg_catalog,pg_pltemplate,pg_pltemplate_name_index,0,0,0,0,0
1416687455.36907,pg_catalog,pg_auth_members,pg_auth_members_member_role_index,0,0,0,0,0
1416687455.36907,pg_catalog,pg_auth_members,pg_auth_members_role_member_index,0,0,0,0,0
1416687455.36907,pg_catalog,pg_shdepend,pg_shdepend_reference_index,1220,1220,1220,1157,1241
1416687455.36907,pg_catalog,pg_shdepend,pg_shdepend_depender_index,5194,0,0,1114,5248
1416687455.36907,pg_catalog,pg_shdescription,pg_shdescription_o_c_index,0,0,0,0,0
1416687455.36907,pg_catalog,pg_ts_config,pg_ts_config_oid_index,0,0,0,0,0
1416687455.36907,pg_catalog,pg_ts_config,pg_ts_config_cfgname_index,0,0,0,0,0
1416687455.36907,pg_catalog,pg_ts_config_map,pg_ts_config_map_index,0,0,0,0,0
1416687455.36907,pg_catalog,pg_ts_dict,pg_ts_dict_oid_index,0,0,0,0,0
1416687455.36907,pg_catalog,pg_ts_dict,pg_ts_dict_dictname_index,0,0,0,0,0
1416687455.36907,pg_catalog,pg_ts_parser,pg_ts_parser_oid_index,0,0,0,0,0
1416687455.36907,pg_catalog,pg_ts_parser,pg_ts_parser_prsname_index,0,0,0,0,0
1416687455.36907,pg_catalog,pg_ts_template,pg_ts_template_oid_index,0,0,0,0,0
1416687455.36907,pg_catalog,pg_ts_template,pg_ts_template_tmplname_index,0,0,0,0,0
1416687455.36907,pg_catalog,pg_extension,pg_extension_name_index,0,0,0,0,0
1416687455.36907,pg_catalog,pg_extension,pg_extension_oid_index,0,0,0,0,0
1416687455.36907,pg_catalog,pg_foreign_data_wrapper,pg_foreign_data_wrapper_name_index,0,0,0,0,0
1416687455.36907,pg_catalog,pg_foreign_data_wrapper,pg_foreign_data_wrapper_oid_index,0,0,0,0,0
1416687455.36907,pg_catalog,pg_foreign_server,pg_foreign_server_name_index,0,0,0,0,0
1416687455.36907,pg_catalog,pg_foreign_server,pg_foreign_server_oid_index,0,0,0,0,0
1416687455.36907,pg_catalog,pg_foreign_table,pg_foreign_table_relid_index,0,0,0,0,0
1416687455.36907,pg_catalog,pg_rowsecurity,pg_rowsecurity_polname_relid_index,0,0,0,0,0
1416687455.36907,pg_catalog,pg_rowsecurity,pg_rowsecurity_oid_index,0,0,0,0,0
1416687455.36907,pg_catalog,pg_default_acl,pg_default_acl_oid_index,0,0,0,0,0
1416687455.36907,pg_catalog,pg_default_acl,pg_default_acl_role_nsp_obj_index,4708,0,0,530,4178
1416687455.36907,pg_catalog,pg_seclabel,pg_seclabel_object_index,5193,0,0,530,4663
1416687455.36907,pg_catalog,pg_shseclabel,pg_shseclabel_object_index,0,0,0,0,0
1416687455.36907,pg_catalog,pg_collation,pg_collation_oid_index,0,0,0,0,0
1416687455.36907,pg_catalog,pg_collation,pg_collation_name_enc_nsp_index,0,0,0,0,0
1416687455.36907,pg_catalog,pg_range,pg_range_rngtypid_index,8953,0,0,3297,14609
1416687455.36907,pg_toast,pg_toast_12698,pg_toast_12698_index,0,0,0,0,0
1416687455.36907,pg_toast,pg_toast_12703,pg_toast_12703_index,0,0,0,0,0
1416687455.36907,pg_toast,pg_toast_12708,pg_toast_12708_index,0,0,0,0,0
1416687455.36907,pg_toast,pg_toast_12713,pg_toast_12713_index,0,0,0,0,0
1416687455.36907,pg_toast,pg_toast_12718,pg_toast_12718_index,0,0,0,0,0
1416687455.36907,pg_toast,pg_toast_12723,pg_toast_12723_index,0,0,0,0,0
1416687455.36907,pg_catalog,pg_class,pg_class_tblspc_relfilenode_index,0,0,0,1971,6489
1416687455.36907,pg_catalog,pg_class,pg_class_relname_nsp_index,142424,74219,73063,3554,322567
1416687455.36907,pg_catalog,pg_class,pg_class_oid_index,783993,781889,775371,2660,1609966
1416687455.36907,pg_catalog,pg_operator,pg_operator_oprname_l_r_n_index,132030,1347900,1347900,3522,288262
1416687455.36907,pg_catalog,pg_operator,pg_operator_oid_index,155734,155734,155734,2902,335906
1416687455.36907,pg_catalog,pg_enum,pg_enum_typid_sortorder_index,0,0,0,0,0
1416687455.36907,pg_catalog,pg_enum,pg_enum_typid_label_index,0,0,0,0,0
1416687455.36907,pg_catalog,pg_enum,pg_enum_oid_index,0,0,0,0,0
1416687455.36907,pg_catalog,pg_depend,pg_depend_reference_index,37718,40265,34558,8660,87434
1416687455.36907,pg_catalog,pg_depend,pg_depend_depender_index,11003,17796,17796,4541,38217
1416687455.36907,pg_toast,pg_toast_12693,pg_toast_12693_index,0,0,0,0,0
1416687455.36907,public,supplier,supplier_s_suppkey_idx_like,0,0,0,1,0
1416687455.36907,public,supplier,supplier_s_nationkey_s_suppkey_brin_idx,0,0,0,0,3
1416687455.36907,public,supplier,pk_supplier,0,0,0,275,0
1416687455.36907,public,partsupp,pk_partsupp,0,0,0,21936,0
1416687455.36907,public,partsupp,partsupp_ps_suppkey_idx,0,0,0,0,6
1416687455.36907,public,orders,orders_o_orderdate_o_orderkey_brin_idx,0,0,0,0,12
1416687455.36907,public,orders,pk_orders,0,0,0,41130,0
1416687455.36907,public,orders,orders_o_orderkey_o_orderdate_brin_idx,0,0,0,0,12
1416687455.36907,public,nation,pk_nation,0,0,0,1,0
1416687455.36907,public,part,pk_part,0,0,0,5486,0
1416687455.36907,public,part,part_p_container_p_brand_p_partkey_idx,0,0,0,12144,0
1416687455.36907,public,part,part_p_size_brin_idx,0,0,0,0,3
1416687455.36907,public,part,part_p_type_p_partkey_idx,0,0,0,11519,0
1416687455.36907,public,part,part_p_name_idx,0,0,0,13604,0
1416687455.36907,public,customer,customer_c_nationkey_c_custkey_brin_idx,0,0,0,0,3
1416687455.36907,public,customer,customer_c_phone_idx_c_acctbal,0,0,0,3741,0
1416687455.36907,public,customer,customer_c_phone_idx,0,0,0,4115,0
1416687455.36907,public,customer,pk_customer,0,0,0,4115,0
1416687455.36907,public,customer,customer_c_mktsegment_c_custkey_idx,0,0,0,5778,0
1416687455.36907,public,region,pk_region,0,0,0,1,0
1416687515.37176,pg_catalog,pg_statistic,pg_statistic_relid_att_inh_index,205614,197569,197506,2267,441101
1416687515.37176,pg_catalog,pg_type,pg_type_typname_nsp_index,22815,17560,16401,6377,54710
1416687515.37176,pg_catalog,pg_type,pg_type_oid_index,863191,860859,860859,2163,1766312
1416687515.37176,pg_toast,pg_toast_2619,pg_toast_2619_index,147530,498977,498977,2927,299837
1416687515.37176,pg_toast,pg_toast_1255,pg_toast_1255_index,0,0,0,0,0
1416687515.37176,pg_toast,pg_toast_2604,pg_toast_2604_index,0,0,0,0,0
1416687515.37176,pg_toast,pg_toast_2606,pg_toast_2606_index,0,0,0,0,0
1416687515.37176,pg_toast,pg_toast_2618,pg_toast_2618_index,3858,12320,12320,699,5525
1416687515.37176,pg_toast,pg_toast_2620,pg_toast_2620_index,0,0,0,0,0
1416687515.37176,pg_toast,pg_toast_2609,pg_toast_2609_index,0,0,0,0,0
1416687515.37176,pg_toast,pg_toast_2964,pg_toast_2964_index,0,0,0,0,0
1416687515.37176,pg_toast,pg_toast_2396,pg_toast_2396_index,0,0,0,0,0
1416687515.37176,pg_toast,pg_toast_3596,pg_toast_3596_index,0,0,0,0,0
1416687515.37176,pg_catalog,pg_authid,pg_authid_oid_index,37359,37359,37359,971,73747
1416687515.37176,pg_catalog,pg_authid,pg_authid_rolname_index,37134,37134,37134,990,73278
1416687515.37176,pg_catalog,pg_largeobject,pg_largeobject_loid_pn_index,0,0,0,0,0
1416687515.37176,pg_catalog,pg_user_mapping,pg_user_mapping_user_server_index,0,0,0,0,0
1416687515.37176,pg_catalog,pg_user_mapping,pg_user_mapping_oid_index,0,0,0,0,0
1416687515.37176,pg_catalog,pg_attribute,pg_attribute_relid_attnum_index,753928,1699812,1699633,4991,1563447
1416687515.37176,pg_catalog,pg_attribute,pg_attribute_relid_attnam_index,1231,1231,1231,1971,18437
1416687515.37176,pg_catalog,pg_proc,pg_proc_proname_args_nsp_index,44976,203424,203424,7692,117126
1416687515.37176,pg_catalog,pg_proc,pg_proc_oid_index,282503,282503,282503,5446,595332
1416687515.37176,pg_catalog,pg_attrdef,pg_attrdef_oid_index,0,0,0,0,0
1416687515.37176,pg_catalog,pg_attrdef,pg_attrdef_adrelid_adnum_index,0,0,0,0,0
1416687515.37176,pg_catalog,pg_constraint,pg_constraint_oid_index,343,168,168,44,820
1416687515.37176,pg_catalog,pg_constraint,pg_constraint_contypid_index,0,0,0,44,309
1416687515.37176,pg_catalog,pg_constraint,pg_constraint_conrelid_index,0,0,0,44,309
1416687515.37176,pg_catalog,pg_constraint,pg_constraint_conname_nsp_index,0,0,0,44,309
1416687515.37176,pg_catalog,pg_inherits,pg_inherits_parent_index,0,0,0,0,0
1416687515.37176,pg_catalog,pg_inherits,pg_inherits_relid_seqno_index,1167,0,0,584,583
1416687515.37176,pg_catalog,pg_index,pg_index_indexrelid_index,319222,320494,319222,879,357893
1416687515.37176,pg_catalog,pg_index,pg_index_indrelid_index,87026,262741,262741,1895,107763
1416687515.37176,pg_catalog,pg_opfamily,pg_opfamily_oid_index,0,0,0,0,0
1416687515.37176,pg_catalog,pg_opfamily,pg_opfamily_am_name_nsp_index,0,0,0,0,0
1416687515.37176,pg_catalog,pg_opclass,pg_opclass_oid_index,176221,176221,176221,901,213919
1416687515.37176,pg_catalog,pg_opclass,pg_opclass_am_name_nsp_index,56734,2365931,2365931,2453,70078
1416687515.37176,pg_catalog,pg_am,pg_am_oid_index,0,0,0,0,0
1416687515.37176,pg_catalog,pg_am,pg_am_name_index,0,0,0,0,0
1416687515.37176,pg_catalog,pg_amop,pg_amop_oid_index,0,0,0,0,0
1416687515.37176,pg_catalog,pg_amop,pg_amop_opr_fam_index,137632,387159,387159,3169,298258
1416687515.37176,pg_catalog,pg_amop,pg_amop_fam_strat_index,188226,188226,188226,2666,391634
1416687515.37176,pg_catalog,pg_amproc,pg_amproc_oid_index,0,0,0,0,0
1416687515.37176,pg_catalog,pg_amproc,pg_amproc_fam_proc_index,171040,365857,365857,1507,379172
1416687515.37176,pg_catalog,pg_language,pg_language_oid_index,0,0,0,0,0
1416687515.37176,pg_catalog,pg_language,pg_language_name_index,0,0,0,0,0
1416687515.37176,pg_catalog,pg_largeobject_metadata,pg_largeobject_metadata_oid_index,0,0,0,0,0
1416687515.37176,pg_catalog,pg_aggregate,pg_aggregate_fnoid_index,19886,19886,19886,3245,31423
1416687515.37176,pg_catalog,pg_rewrite,pg_rewrite_rel_rulename_index,7264,6626,5988,1280,11145
1416687515.37176,pg_catalog,pg_rewrite,pg_rewrite_oid_index,1914,1276,1276,888,2329
1416687515.37176,pg_catalog,pg_trigger,pg_trigger_oid_index,0,0,0,0,0
1416687515.37176,pg_catalog,pg_trigger,pg_trigger_tgrelid_tgname_index,0,0,0,0,0
1416687515.37176,pg_catalog,pg_trigger,pg_trigger_tgconstraint_index,0,0,0,0,0
1416687515.37176,pg_catalog,pg_event_trigger,pg_event_trigger_oid_index,0,0,0,0,0
1416687515.37176,pg_catalog,pg_event_trigger,pg_event_trigger_evtname_index,2006,0,0,579,1427
1416687515.37176,pg_catalog,pg_description,pg_description_o_c_o_index,5193,0,0,1644,9909
1416687515.37176,pg_catalog,pg_cast,pg_cast_source_target_index,1251210,296590,296590,933,1286131
1416687515.37176,pg_catalog,pg_cast,pg_cast_oid_index,0,0,0,0,0
1416687515.37176,pg_catalog,pg_database,pg_database_oid_index,53476,53475,53475,960,92676
1416687515.37176,pg_catalog,pg_database,pg_database_datname_index,77252,77251,77251,915,116412
1416687515.37176,pg_catalog,pg_namespace,pg_namespace_oid_index,101518,101476,101476,1477,102930
1416687515.37176,pg_catalog,pg_namespace,pg_namespace_nspname_index,103124,66116,66116,926,139206
1416687515.37176,pg_catalog,pg_conversion,pg_conversion_oid_index,0,0,0,0,0
1416687515.37176,pg_catalog,pg_conversion,pg_conversion_name_nsp_index,0,0,0,0,0
1416687515.37176,pg_catalog,pg_conversion,pg_conversion_default_index,0,0,0,0,0
1416687515.37176,pg_catalog,pg_db_role_setting,pg_db_role_setting_databaseid_rol_index,160636,0,0,406,160230
1416687515.37176,pg_catalog,pg_tablespace,pg_tablespace_spcname_index,0,0,0,64,64
1416687515.37176,pg_catalog,pg_tablespace,pg_tablespace_oid_index,26548,26548,26548,1391,51705
1416687515.37176,pg_catalog,pg_pltemplate,pg_pltemplate_name_index,0,0,0,0,0
1416687515.37176,pg_catalog,pg_auth_members,pg_auth_members_member_role_index,0,0,0,0,0
1416687515.37176,pg_catalog,pg_auth_members,pg_auth_members_role_member_index,0,0,0,0,0
1416687515.37176,pg_catalog,pg_shdepend,pg_shdepend_reference_index,1220,1220,1220,1157,1241
1416687515.37176,pg_catalog,pg_shdepend,pg_shdepend_depender_index,5194,0,0,1114,5248
1416687515.37176,pg_catalog,pg_shdescription,pg_shdescription_o_c_index,0,0,0,0,0
1416687515.37176,pg_catalog,pg_ts_config,pg_ts_config_oid_index,0,0,0,0,0
1416687515.37176,pg_catalog,pg_ts_config,pg_ts_config_cfgname_index,0,0,0,0,0
1416687515.37176,pg_catalog,pg_ts_config_map,pg_ts_config_map_index,0,0,0,0,0
1416687515.37176,pg_catalog,pg_ts_dict,pg_ts_dict_oid_index,0,0,0,0,0
1416687515.37176,pg_catalog,pg_ts_dict,pg_ts_dict_dictname_index,0,0,0,0,0
1416687515.37176,pg_catalog,pg_ts_parser,pg_ts_parser_oid_index,0,0,0,0,0
1416687515.37176,pg_catalog,pg_ts_parser,pg_ts_parser_prsname_index,0,0,0,0,0
1416687515.37176,pg_catalog,pg_ts_template,pg_ts_template_oid_index,0,0,0,0,0
1416687515.37176,pg_catalog,pg_ts_template,pg_ts_template_tmplname_index,0,0,0,0,0
1416687515.37176,pg_catalog,pg_extension,pg_extension_name_index,0,0,0,0,0
1416687515.37176,pg_catalog,pg_extension,pg_extension_oid_index,0,0,0,0,0
1416687515.37176,pg_catalog,pg_foreign_data_wrapper,pg_foreign_data_wrapper_name_index,0,0,0,0,0
1416687515.37176,pg_catalog,pg_foreign_data_wrapper,pg_foreign_data_wrapper_oid_index,0,0,0,0,0
1416687515.37176,pg_catalog,pg_foreign_server,pg_foreign_server_name_index,0,0,0,0,0
1416687515.37176,pg_catalog,pg_foreign_server,pg_foreign_server_oid_index,0,0,0,0,0
1416687515.37176,pg_catalog,pg_foreign_table,pg_foreign_table_relid_index,0,0,0,0,0
1416687515.37176,pg_catalog,pg_rowsecurity,pg_rowsecurity_polname_relid_index,0,0,0,0,0
1416687515.37176,pg_catalog,pg_rowsecurity,pg_rowsecurity_oid_index,0,0,0,0,0
1416687515.37176,pg_catalog,pg_default_acl,pg_default_acl_oid_index,0,0,0,0,0
1416687515.37176,pg_catalog,pg_default_acl,pg_default_acl_role_nsp_obj_index,4708,0,0,530,4178
1416687515.37176,pg_catalog,pg_seclabel,pg_seclabel_object_index,5193,0,0,530,4663
1416687515.37176,pg_catalog,pg_shseclabel,pg_shseclabel_object_index,0,0,0,0,0
1416687515.37176,pg_catalog,pg_collation,pg_collation_oid_index,0,0,0,0,0
1416687515.37176,pg_catalog,pg_collation,pg_collation_name_enc_nsp_index,0,0,0,0,0
1416687515.37176,pg_catalog,pg_range,pg_range_rngtypid_index,8953,0,0,3297,14609
1416687515.37176,pg_toast,pg_toast_12698,pg_toast_12698_index,0,0,0,0,0
1416687515.37176,pg_toast,pg_toast_12703,pg_toast_12703_index,0,0,0,0,0
1416687515.37176,pg_toast,pg_toast_12708,pg_toast_12708_index,0,0,0,0,0
1416687515.37176,pg_toast,pg_toast_12713,pg_toast_12713_index,0,0,0,0,0
1416687515.37176,pg_toast,pg_toast_12718,pg_toast_12718_index,0,0,0,0,0
1416687515.37176,pg_toast,pg_toast_12723,pg_toast_12723_index,0,0,0,0,0
1416687515.37176,pg_catalog,pg_class,pg_class_tblspc_relfilenode_index,0,0,0,1971,6495
1416687515.37176,pg_catalog,pg_class,pg_class_relname_nsp_index,142435,74228,73072,3554,322597
1416687515.37176,pg_catalog,pg_class,pg_class_oid_index,784338,782233,775697,2660,1610669
1416687515.37176,pg_catalog,pg_operator,pg_operator_oprname_l_r_n_index,132033,1347903,1347903,3522,288271
1416687515.37176,pg_catalog,pg_operator,pg_operator_oid_index,155748,155748,155748,2902,335939
1416687515.37176,pg_catalog,pg_enum,pg_enum_typid_sortorder_index,0,0,0,0,0
1416687515.37176,pg_catalog,pg_enum,pg_enum_typid_label_index,0,0,0,0,0
1416687515.37176,pg_catalog,pg_enum,pg_enum_oid_index,0,0,0,0,0
1416687515.37176,pg_catalog,pg_depend,pg_depend_reference_index,37722,40269,34562,8660,87447
1416687515.37176,pg_catalog,pg_depend,pg_depend_depender_index,11003,17796,17796,4541,38222
1416687515.37176,pg_toast,pg_toast_12693,pg_toast_12693_index,0,0,0,0,0
1416687515.37176,public,supplier,supplier_s_suppkey_idx_like,0,0,0,1,0
1416687515.37176,public,supplier,supplier_s_nationkey_s_suppkey_brin_idx,0,0,0,0,3
1416687515.37176,public,supplier,pk_supplier,0,0,0,275,0
1416687515.37176,public,partsupp,pk_partsupp,0,0,0,21936,0
1416687515.37176,public,partsupp,partsupp_ps_suppkey_idx,0,0,0,0,6
1416687515.37176,public,orders,orders_o_orderdate_o_orderkey_brin_idx,0,0,0,0,12
1416687515.37176,public,orders,pk_orders,0,0,0,41130,0
1416687515.37176,public,orders,orders_o_orderkey_o_orderdate_brin_idx,0,0,0,0,12
1416687515.37176,public,nation,pk_nation,0,0,0,1,0
1416687515.37176,public,part,pk_part,0,0,0,5486,0
1416687515.37176,public,part,part_p_container_p_brand_p_partkey_idx,0,0,0,12144,0
1416687515.37176,public,part,part_p_size_brin_idx,0,0,0,0,3
1416687515.37176,public,part,part_p_type_p_partkey_idx,0,0,0,11519,0
1416687515.37176,public,part,part_p_name_idx,0,0,0,13604,0
1416687515.37176,public,customer,customer_c_nationkey_c_custkey_brin_idx,0,0,0,0,3
1416687515.37176,public,customer,customer_c_phone_idx_c_acctbal,0,0,0,3741,0
1416687515.37176,public,customer,customer_c_phone_idx,0,0,0,4115,0
1416687515.37176,public,customer,pk_customer,0,0,0,4115,0
1416687515.37176,public,customer,customer_c_mktsegment_c_custkey_idx,0,0,0,5778,0
1416687515.37176,public,lineitem,lineitem_l_partkey_l_quantity_idx,0,0,0,0,0
1416687515.37176,public,region,pk_region,0,0,0,1,0
1416687575.37448,pg_catalog,pg_statistic,pg_statistic_relid_att_inh_index,205639,197588,197525,2267,441156
1416687575.37448,pg_catalog,pg_type,pg_type_typname_nsp_index,22815,17560,16401,6377,54710
1416687575.37448,pg_catalog,pg_type,pg_type_oid_index,863287,860955,860955,2163,1766512
1416687575.37448,pg_toast,pg_toast_2619,pg_toast_2619_index,147533,498983,498983,2927,299846
1416687575.37448,pg_toast,pg_toast_1255,pg_toast_1255_index,0,0,0,0,0
1416687575.37448,pg_toast,pg_toast_2604,pg_toast_2604_index,0,0,0,0,0
1416687575.37448,pg_toast,pg_toast_2606,pg_toast_2606_index,0,0,0,0,0
1416687575.37448,pg_toast,pg_toast_2618,pg_toast_2618_index,3863,12336,12336,699,5533
1416687575.37448,pg_toast,pg_toast_2620,pg_toast_2620_index,0,0,0,0,0
1416687575.37448,pg_toast,pg_toast_2609,pg_toast_2609_index,0,0,0,0,0
1416687575.37448,pg_toast,pg_toast_2964,pg_toast_2964_index,0,0,0,0,0
1416687575.37448,pg_toast,pg_toast_2396,pg_toast_2396_index,0,0,0,0,0
1416687575.37448,pg_toast,pg_toast_3596,pg_toast_3596_index,0,0,0,0,0
1416687575.37448,pg_catalog,pg_authid,pg_authid_oid_index,37364,37364,37364,971,73757
1416687575.37448,pg_catalog,pg_authid,pg_authid_rolname_index,37139,37139,37139,990,73288
1416687575.37448,pg_catalog,pg_largeobject,pg_largeobject_loid_pn_index,0,0,0,0,0
1416687575.37448,pg_catalog,pg_user_mapping,pg_user_mapping_user_server_index,0,0,0,0,0
1416687575.37448,pg_catalog,pg_user_mapping,pg_user_mapping_oid_index,0,0,0,0,0
1416687575.37448,pg_catalog,pg_attribute,pg_attribute_relid_attnum_index,754174,1700369,1700190,4991,1563958
1416687575.37448,pg_catalog,pg_attribute,pg_attribute_relid_attnam_index,1235,1235,1235,1971,18456
1416687575.37448,pg_catalog,pg_proc,pg_proc_proname_args_nsp_index,44986,203469,203469,7692,117151
1416687575.37448,pg_catalog,pg_proc,pg_proc_oid_index,282572,282572,282572,5446,595476
1416687575.37448,pg_catalog,pg_attrdef,pg_attrdef_oid_index,0,0,0,0,0
1416687575.37448,pg_catalog,pg_attrdef,pg_attrdef_adrelid_adnum_index,0,0,0,0,0
1416687575.37448,pg_catalog,pg_constraint,pg_constraint_oid_index,344,168,168,44,823
1416687575.37448,pg_catalog,pg_constraint,pg_constraint_contypid_index,0,0,0,44,311
1416687575.37448,pg_catalog,pg_constraint,pg_constraint_conrelid_index,0,0,0,44,311
1416687575.37448,pg_catalog,pg_constraint,pg_constraint_conname_nsp_index,0,0,0,44,311
1416687575.37448,pg_catalog,pg_inherits,pg_inherits_parent_index,0,0,0,0,0
1416687575.37448,pg_catalog,pg_inherits,pg_inherits_relid_seqno_index,1167,0,0,584,583
1416687575.37448,pg_catalog,pg_index,pg_index_indexrelid_index,319272,320544,319272,879,357955
1416687575.37448,pg_catalog,pg_index,pg_index_indrelid_index,87056,262802,262802,1895,107804
1416687575.37448,pg_catalog,pg_opfamily,pg_opfamily_oid_index,0,0,0,0,0
1416687575.37448,pg_catalog,pg_opfamily,pg_opfamily_am_name_nsp_index,0,0,0,0,0
1416687575.37448,pg_catalog,pg_opclass,pg_opclass_oid_index,176247,176247,176247,901,213954
1416687575.37448,pg_catalog,pg_opclass,pg_opclass_am_name_nsp_index,56742,2366244,2366244,2453,70092
1416687575.37448,pg_catalog,pg_am,pg_am_oid_index,0,0,0,0,0
1416687575.37448,pg_catalog,pg_am,pg_am_name_index,0,0,0,0,0
1416687575.37448,pg_catalog,pg_amop,pg_amop_oid_index,0,0,0,0,0
1416687575.37448,pg_catalog,pg_amop,pg_amop_opr_fam_index,137644,387190,387190,3169,298286
1416687575.37448,pg_catalog,pg_amop,pg_amop_fam_strat_index,188247,188247,188247,2666,391680
1416687575.37448,pg_catalog,pg_amproc,pg_amproc_oid_index,0,0,0,0,0
1416687575.37448,pg_catalog,pg_amproc,pg_amproc_fam_proc_index,171066,365914,365914,1507,379233
1416687575.37448,pg_catalog,pg_language,pg_language_oid_index,0,0,0,0,0
1416687575.37448,pg_catalog,pg_language,pg_language_name_index,0,0,0,0,0
1416687575.37448,pg_catalog,pg_largeobject_metadata,pg_largeobject_metadata_oid_index,0,0,0,0,0
1416687575.37448,pg_catalog,pg_aggregate,pg_aggregate_fnoid_index,19887,19887,19887,3245,31425
1416687575.37448,pg_catalog,pg_rewrite,pg_rewrite_rel_rulename_index,7271,6633,5995,1280,11157
1416687575.37448,pg_catalog,pg_rewrite,pg_rewrite_oid_index,1914,1276,1276,888,2329
1416687575.37448,pg_catalog,pg_trigger,pg_trigger_oid_index,0,0,0,0,0
1416687575.37448,pg_catalog,pg_trigger,pg_trigger_tgrelid_tgname_index,0,0,0,0,0
1416687575.37448,pg_catalog,pg_trigger,pg_trigger_tgconstraint_index,0,0,0,0,0
1416687575.37448,pg_catalog,pg_event_trigger,pg_event_trigger_oid_index,0,0,0,0,0
1416687575.37448,pg_catalog,pg_event_trigger,pg_event_trigger_evtname_index,2009,0,0,579,1430
1416687575.37448,pg_catalog,pg_description,pg_description_o_c_o_index,5193,0,0,1644,9909
1416687575.37448,pg_catalog,pg_cast,pg_cast_source_target_index,1251312,296637,296637,933,1286241
1416687575.37448,pg_catalog,pg_cast,pg_cast_oid_index,0,0,0,0,0
1416687575.37448,pg_catalog,pg_database,pg_database_oid_index,53499,53498,53498,960,92706
1416687575.37448,pg_catalog,pg_database,pg_database_datname_index,77264,77263,77263,915,116431
1416687575.37448,pg_catalog,pg_namespace,pg_namespace_oid_index,101655,101613,101613,1477,103070
1416687575.37448,pg_catalog,pg_namespace,pg_namespace_nspname_index,103145,66129,66129,926,139235
1416687575.37448,pg_catalog,pg_conversion,pg_conversion_oid_index,0,0,0,0,0
1416687575.37448,pg_catalog,pg_conversion,pg_conversion_name_nsp_index,0,0,0,0,0
1416687575.37448,pg_catalog,pg_conversion,pg_conversion_default_index,0,0,0,0,0
1416687575.37448,pg_catalog,pg_db_role_setting,pg_db_role_setting_databaseid_rol_index,160664,0,0,406,160258
1416687575.37448,pg_catalog,pg_tablespace,pg_tablespace_spcname_index,0,0,0,64,64
1416687575.37448,pg_catalog,pg_tablespace,pg_tablespace_oid_index,26553,26553,26553,1391,51715
1416687575.37448,pg_catalog,pg_pltemplate,pg_pltemplate_name_index,0,0,0,0,0
1416687575.37448,pg_catalog,pg_auth_members,pg_auth_members_member_role_index,0,0,0,0,0
1416687575.37448,pg_catalog,pg_auth_members,pg_auth_members_role_member_index,0,0,0,0,0
1416687575.37448,pg_catalog,pg_shdepend,pg_shdepend_reference_index,1220,1220,1220,1157,1241
1416687575.37448,pg_catalog,pg_shdepend,pg_shdepend_depender_index,5194,0,0,1114,5248
1416687575.37448,pg_catalog,pg_shdescription,pg_shdescription_o_c_index,0,0,0,0,0
1416687575.37448,pg_catalog,pg_ts_config,pg_ts_config_oid_index,0,0,0,0,0
1416687575.37448,pg_catalog,pg_ts_config,pg_ts_config_cfgname_index,0,0,0,0,0
1416687575.37448,pg_catalog,pg_ts_config_map,pg_ts_config_map_index,0,0,0,0,0
1416687575.37448,pg_catalog,pg_ts_dict,pg_ts_dict_oid_index,0,0,0,0,0
1416687575.37448,pg_catalog,pg_ts_dict,pg_ts_dict_dictname_index,0,0,0,0,0
1416687575.37448,pg_catalog,pg_ts_parser,pg_ts_parser_oid_index,0,0,0,0,0
1416687575.37448,pg_catalog,pg_ts_parser,pg_ts_parser_prsname_index,0,0,0,0,0
1416687575.37448,pg_catalog,pg_ts_template,pg_ts_template_oid_index,0,0,0,0,0
1416687575.37448,pg_catalog,pg_ts_template,pg_ts_template_tmplname_index,0,0,0,0,0
1416687575.37448,pg_catalog,pg_extension,pg_extension_name_index,0,0,0,0,0
1416687575.37448,pg_catalog,pg_extension,pg_extension_oid_index,0,0,0,0,0
1416687575.37448,pg_catalog,pg_foreign_data_wrapper,pg_foreign_data_wrapper_name_index,0,0,0,0,0
1416687575.37448,pg_catalog,pg_foreign_data_wrapper,pg_foreign_data_wrapper_oid_index,0,0,0,0,0
1416687575.37448,pg_catalog,pg_foreign_server,pg_foreign_server_name_index,0,0,0,0,0
1416687575.37448,pg_catalog,pg_foreign_server,pg_foreign_server_oid_index,0,0,0,0,0
1416687575.37448,pg_catalog,pg_foreign_table,pg_foreign_table_relid_index,0,0,0,0,0
1416687575.37448,pg_catalog,pg_rowsecurity,pg_rowsecurity_polname_relid_index,0,0,0,0,0
1416687575.37448,pg_catalog,pg_rowsecurity,pg_rowsecurity_oid_index,0,0,0,0,0
1416687575.37448,pg_catalog,pg_default_acl,pg_default_acl_oid_index,0,0,0,0,0
1416687575.37448,pg_catalog,pg_default_acl,pg_default_acl_role_nsp_obj_index,4708,0,0,530,4178
1416687575.37448,pg_catalog,pg_seclabel,pg_seclabel_object_index,5193,0,0,530,4663
1416687575.37448,pg_catalog,pg_shseclabel,pg_shseclabel_object_index,0,0,0,0,0
1416687575.37448,pg_catalog,pg_collation,pg_collation_oid_index,0,0,0,0,0
1416687575.37448,pg_catalog,pg_collation,pg_collation_name_enc_nsp_index,0,0,0,0,0
1416687575.37448,pg_catalog,pg_range,pg_range_rngtypid_index,8953,0,0,3297,14609
1416687575.37448,pg_toast,pg_toast_12698,pg_toast_12698_index,0,0,0,0,0
1416687575.37448,pg_toast,pg_toast_12703,pg_toast_12703_index,0,0,0,0,0
1416687575.37448,pg_toast,pg_toast_12708,pg_toast_12708_index,0,0,0,0,0
1416687575.37448,pg_toast,pg_toast_12713,pg_toast_12713_index,0,0,0,0,0
1416687575.37448,pg_toast,pg_toast_12718,pg_toast_12718_index,0,0,0,0,0
1416687575.37448,pg_toast,pg_toast_12723,pg_toast_12723_index,0,0,0,0,0
1416687575.37448,pg_catalog,pg_class,pg_class_tblspc_relfilenode_index,0,0,0,1971,6507
1416687575.37448,pg_catalog,pg_class,pg_class_relname_nsp_index,142455,74242,73086,3554,322651
1416687575.37448,pg_catalog,pg_class,pg_class_oid_index,784718,782610,776060,2660,1611446
1416687575.37448,pg_catalog,pg_operator,pg_operator_oprname_l_r_n_index,132037,1347907,1347907,3522,288283
1416687575.37448,pg_catalog,pg_operator,pg_operator_oid_index,155763,155763,155763,2902,335975
1416687575.37448,pg_catalog,pg_enum,pg_enum_typid_sortorder_index,0,0,0,0,0
1416687575.37448,pg_catalog,pg_enum,pg_enum_typid_label_index,0,0,0,0,0
1416687575.37448,pg_catalog,pg_enum,pg_enum_oid_index,0,0,0,0,0
1416687575.37448,pg_catalog,pg_depend,pg_depend_reference_index,37734,40280,34573,8660,87488
1416687575.37448,pg_catalog,pg_depend,pg_depend_depender_index,11003,17796,17796,4541,38239
1416687575.37448,pg_toast,pg_toast_12693,pg_toast_12693_index,0,0,0,0,0
1416687575.37448,public,supplier,supplier_s_suppkey_idx_like,0,0,0,1,0
1416687575.37448,public,supplier,supplier_s_nationkey_s_suppkey_brin_idx,0,0,0,0,3
1416687575.37448,public,supplier,pk_supplier,0,0,0,275,0
1416687575.37448,public,partsupp,pk_partsupp,0,0,0,21936,0
1416687575.37448,public,partsupp,partsupp_ps_suppkey_idx,0,0,0,0,6
1416687575.37448,public,orders,orders_o_orderdate_o_orderkey_brin_idx,0,0,0,0,12
1416687575.37448,public,orders,pk_orders,0,0,0,41130,0
1416687575.37448,public,orders,orders_o_orderkey_o_orderdate_brin_idx,0,0,0,0,12
1416687575.37448,public,nation,pk_nation,0,0,0,1,0
1416687575.37448,public,part,pk_part,0,0,0,5486,0
1416687575.37448,public,part,part_p_container_p_brand_p_partkey_idx,0,0,0,12144,0
1416687575.37448,public,part,part_p_size_brin_idx,0,0,0,0,3
1416687575.37448,public,part,part_p_type_p_partkey_idx,0,0,0,11519,0
1416687575.37448,public,part,part_p_name_idx,0,0,0,13604,0
1416687575.37448,public,customer,customer_c_nationkey_c_custkey_brin_idx,0,0,0,0,3
1416687575.37448,public,customer,customer_c_phone_idx_c_acctbal,0,0,0,3741,0
1416687575.37448,public,customer,customer_c_phone_idx,0,0,0,4115,0
1416687575.37448,public,customer,pk_customer,0,0,0,4115,0
1416687575.37448,public,customer,customer_c_mktsegment_c_custkey_idx,0,0,0,5778,0
1416687575.37448,public,lineitem,lineitem_l_orderkey_brin_idx,0,0,0,0,0
1416687575.37448,public,lineitem,pk_lineitem,0,0,0,0,0
1416687575.37448,public,lineitem,lineitem_l_orderkey_idx_brin_part1,0,0,0,0,0
1416687575.37448,public,lineitem,lineitem_l_partkey_l_quantity_idx,0,0,0,0,0
1416687575.37448,public,region,pk_region,0,0,0,1,0
